indice_interno,clase,etiqueta_binaria,archivo,zip_path,duracion_s,frecuencia_hz,canales,bytes_muestra,muestras
0,N,normal,New_N_001.wav,audios/New_N_001.wav,2.104625,8000,1,2,16837
1,N,normal,New_N_002.wav,audios/New_N_002.wav,2.1195,8000,1,2,16956
2,N,normal,New_N_003.wav,audios/New_N_003.wav,2.116625,8000,1,2,16933
3,N,normal,New_N_004.wav,audios/New_N_004.wav,2.087,8000,1,2,16696
4,N,normal,New_N_005.wav,audios/New_N_005.wav,2.120375,8000,1,2,16963
5,N,normal,New_N_006.wav,audios/New_N_006.wav,2.090625,8000,1,2,16725
6,N,normal,New_N_007.wav,audios/New_N_007.wav,2.101875,8000,1,2,16815
7,N,normal,New_N_008.wav,audios/New_N_008.wav,2.10925,8000,1,2,16874
8,N,normal,New_N_009.wav,audios/New_N_009.wav,2.1005,8000,1,2,16804
9,N,normal,New_N_010.wav,audios/New_N_010.wav,2.093,8000,1,2,16744
10,N,normal,New_N_011.wav,audios/New_N_011.wav,2.1105,8000,1,2,16884
11,N,normal,New_N_012.wav,audios/New_N_012.wav,2.095625,8000,1,2,16765
12,N,normal,New_N_013.wav,audios/New_N_013.wav,2.11525,8000,1,2,16922
13,N,normal,New_N_014.wav,audios/New_N_014.wav,2.093,8000,1,2,16744
14,N,normal,New_N_015.wav,audios/New_N_015.wav,2.093,8000,1,2,16744
15,N,normal,New_N_016.wav,audios/New_N_016.wav,2.08575,8000,1,2,16686
16,N,normal,New_N_017.wav,audios/New_N_017.wav,2.063625,8000,1,2,16509
17,N,normal,New_N_018.wav,audios/New_N_018.wav,2.100625,8000,1,2,16805
18,N,normal,New_N_019.wav,audios/New_N_019.wav,2.09175,8000,1,2,16734
19,N,normal,New_N_020.wav,audios/New_N_020.wav,2.077,8000,1,2,16616
20,N,normal,New_N_021.wav,audios/New_N_021.wav,2.1105,8000,1,2,16884
21,N,normal,New_N_022.wav,audios/New_N_022.wav,2.087875,8000,1,2,16703
22,N,normal,New_N_023.wav,audios/New_N_023.wav,2.116625,8000,1,2,16933
23,N,normal,New_N_024.wav,audios/New_N_024.wav,2.10925,8000,1,2,16874
24,N,normal,New_N_025.wav,audios/New_N_025.wav,2.103,8000,1,2,16824
25,N,normal,New_N_026.wav,audios/New_N_026.wav,2.1105,8000,1,2,16884
26,N,normal,New_N_027.wav,audios/New_N_027.wav,2.116625,8000,1,2,16933
27,N,normal,New_N_028.wav,audios/New_N_028.wav,2.087,8000,1,2,16696
28,N,normal,New_N_029.wav,audios/New_N_029.wav,2.103,8000,1,2,16824
29,N,normal,New_N_030.wav,audios/New_N_030.wav,2.1105,8000,1,2,16884
30,N,normal,New_N_031.wav,audios/New_N_031.wav,2.09825,8000,1,2,16786
31,N,normal,New_N_032.wav,audios/New_N_032.wav,2.083625,8000,1,2,16669
32,N,normal,New_N_033.wav,audios/New_N_033.wav,2.1105,8000,1,2,16884
33,N,normal,New_N_034.wav,audios/New_N_034.wav,2.1405,8000,1,2,17124
34,N,normal,New_N_035.wav,audios/New_N_035.wav,2.09175,8000,1,2,16734
35,N,normal,New_N_036.wav,audios/New_N_036.wav,2.084375,8000,1,2,16675
36,N,normal,New_N_037.wav,audios/New_N_037.wav,3.00725,8000,1,2,24058
37,N,normal,New_N_038.wav,audios/New_N_038.wav,2.975375,8000,1,2,23803
38,N,normal,New_N_039.wav,audios/New_N_039.wav,2.958625,8000,1,2,23669
39,N,normal,New_N_040.wav,audios/New_N_040.wav,2.846,8000,1,2,22768
40,N,normal,New_N_041.wav,audios/New_N_041.wav,2.59225,8000,1,2,20738
41,N,normal,New_N_042.wav,audios/New_N_042.wav,2.574,8000,1,2,20592
42,N,normal,New_N_043.wav,audios/New_N_043.wav,2.65575,8000,1,2,21246
43,N,normal,New_N_044.wav,audios/New_N_044.wav,2.5635,8000,1,2,20508
44,N,normal,New_N_045.wav,audios/New_N_045.wav,2.672875,8000,1,2,21383
45,N,normal,New_N_046.wav,audios/New_N_046.wav,2.691625,8000,1,2,21533
46,N,normal,New_N_047.wav,audios/New_N_047.wav,2.605625,8000,1,2,20845
47,N,normal,New_N_048.wav,audios/New_N_048.wav,2.642625,8000,1,2,21141
48,N,normal,New_N_049.wav,audios/New_N_049.wav,2.6025,8000,1,2,20820
49,N,normal,New_N_050.wav,audios/New_N_050.wav,2.575125,8000,1,2,20601
50,N,normal,New_N_051.wav,audios/New_N_051.wav,2.68825,8000,1,2,21506
51,N,normal,New_N_052.wav,audios/New_N_052.wav,2.58525,8000,1,2,20682
52,N,normal,New_N_053.wav,audios/New_N_053.wav,2.618875,8000,1,2,20951
53,N,normal,New_N_054.wav,audios/New_N_054.wav,2.62825,8000,1,2,21026
54,N,normal,New_N_055.wav,audios/New_N_055.wav,2.593375,8000,1,2,20747
55,N,normal,New_N_056.wav,audios/New_N_056.wav,2.58425,8000,1,2,20674
56,N,normal,New_N_057.wav,audios/New_N_057.wav,2.67975,8000,1,2,21438
57,N,normal,New_N_058.wav,audios/New_N_058.wav,2.5685,8000,1,2,20548
58,N,normal,New_N_059.wav,audios/New_N_059.wav,2.678875,8000,1,2,21431
59,N,normal,New_N_060.wav,audios/New_N_060.wav,2.6695,8000,1,2,21356
60,N,normal,New_N_061.wav,audios/New_N_061.wav,2.596375,8000,1,2,20771
61,N,normal,New_N_062.wav,audios/New_N_062.wav,2.642625,8000,1,2,21141
62,N,normal,New_N_063.wav,audios/New_N_063.wav,2.601625,8000,1,2,20813
63,N,normal,New_N_064.wav,audios/New_N_064.wav,2.583125,8000,1,2,20665
64,N,normal,New_N_065.wav,audios/New_N_065.wav,2.689,8000,1,2,21512
65,N,normal,New_N_066.wav,audios/New_N_066.wav,2.5685,8000,1,2,20548
66,N,normal,New_N_067.wav,audios/New_N_067.wav,2.601375,8000,1,2,20811
67,N,normal,New_N_068.wav,audios/New_N_068.wav,2.46625,8000,1,2,19730
68,N,normal,New_N_069.wav,audios/New_N_069.wav,2.540375,8000,1,2,20323
69,N,normal,New_N_070.wav,audios/New_N_070.wav,2.5585,8000,1,2,20468
70,N,normal,New_N_071.wav,audios/New_N_071.wav,2.583375,8000,1,2,20667
71,N,normal,New_N_072.wav,audios/New_N_072.wav,2.53825,8000,1,2,20306
72,N,normal,New_N_073.wav,audios/New_N_073.wav,2.571125,8000,1,2,20569
73,N,normal,New_N_074.wav,audios/New_N_074.wav,2.544125,8000,1,2,20353
74,N,normal,New_N_075.wav,audios/New_N_075.wav,2.565375,8000,1,2,20523
75,N,normal,New_N_076.wav,audios/New_N_076.wav,2.52925,8000,1,2,20234
76,N,normal,New_N_077.wav,audios/New_N_077.wav,2.553125,8000,1,2,20425
77,N,normal,New_N_078.wav,audios/New_N_078.wav,2.526125,8000,1,2,20209
78,N,normal,New_N_079.wav,audios/New_N_079.wav,2.562,8000,1,2,20496
79,N,normal,New_N_080.wav,audios/New_N_080.wav,2.535125,8000,1,2,20281
80,N,normal,New_N_081.wav,audios/New_N_081.wav,2.581,8000,1,2,20648
81,N,normal,New_N_082.wav,audios/New_N_082.wav,2.571875,8000,1,2,20575
82,N,normal,New_N_083.wav,audios/New_N_083.wav,2.5835,8000,1,2,20668
83,N,normal,New_N_084.wav,audios/New_N_084.wav,2.466,8000,1,2,19728
84,N,normal,New_N_085.wav,audios/New_N_085.wav,2.5655,8000,1,2,20524
85,N,normal,New_N_086.wav,audios/New_N_086.wav,2.5655,8000,1,2,20524
86,N,normal,New_N_087.wav,audios/New_N_087.wav,2.553,8000,1,2,20424
87,N,normal,New_N_088.wav,audios/New_N_088.wav,2.526125,8000,1,2,20209
88,N,normal,New_N_089.wav,audios/New_N_089.wav,2.57775,8000,1,2,20622
89,N,normal,New_N_090.wav,audios/New_N_090.wav,2.56875,8000,1,2,20550
90,N,normal,New_N_091.wav,audios/New_N_091.wav,2.568625,8000,1,2,20549
91,N,normal,New_N_092.wav,audios/New_N_092.wav,2.5505,8000,1,2,20404
92,N,normal,New_N_093.wav,audios/New_N_093.wav,2.5745,8000,1,2,20596
93,N,normal,New_N_094.wav,audios/New_N_094.wav,2.547375,8000,1,2,20379
94,N,normal,New_N_095.wav,audios/New_N_095.wav,2.553,8000,1,2,20424
95,N,normal,New_N_096.wav,audios/New_N_096.wav,2.526125,8000,1,2,20209
96,N,normal,New_N_097.wav,audios/New_N_097.wav,2.558125,8000,1,2,20465
97,N,normal,New_N_098.wav,audios/New_N_098.wav,2.5295,8000,1,2,20236
98,N,normal,New_N_099.wav,audios/New_N_099.wav,2.607875,8000,1,2,20863
99,N,normal,New_N_100.wav,audios/New_N_100.wav,2.62675,8000,1,2,21014
100,N,normal,New_N_101.wav,audios/New_N_101.wav,2.6275,8000,1,2,21020
101,N,normal,New_N_102.wav,audios/New_N_102.wav,2.58175,8000,1,2,20654
102,N,normal,New_N_103.wav,audios/New_N_103.wav,2.688375,8000,1,2,21507
103,N,normal,New_N_104.wav,audios/New_N_104.wav,2.604,8000,1,2,20832
104,N,normal,New_N_105.wav,audios/New_N_105.wav,2.630125,8000,1,2,21041
105,N,normal,New_N_106.wav,audios/New_N_106.wav,2.630125,8000,1,2,21041
106,N,normal,New_N_107.wav,audios/New_N_107.wav,2.594625,8000,1,2,20757
107,N,normal,New_N_108.wav,audios/New_N_108.wav,2.522625,8000,1,2,20181
108,N,normal,New_N_109.wav,audios/New_N_109.wav,2.667875,8000,1,2,21343
109,N,normal,New_N_110.wav,audios/New_N_110.wav,2.583625,8000,1,2,20669
110,N,normal,New_N_111.wav,audios/New_N_111.wav,2.662625,8000,1,2,21301
111,N,normal,New_N_112.wav,audios/New_N_112.wav,2.562,8000,1,2,20496
112,N,normal,New_N_113.wav,audios/New_N_113.wav,2.624375,8000,1,2,20995
113,N,normal,New_N_114.wav,audios/New_N_114.wav,2.596625,8000,1,2,20773
114,N,normal,New_N_115.wav,audios/New_N_115.wav,2.57825,8000,1,2,20626
115,N,normal,New_N_116.wav,audios/New_N_116.wav,2.59675,8000,1,2,20774
116,N,normal,New_N_117.wav,audios/New_N_117.wav,2.658,8000,1,2,21264
117,N,normal,New_N_118.wav,audios/New_N_118.wav,2.54675,8000,1,2,20374
118,N,normal,New_N_119.wav,audios/New_N_119.wav,2.607875,8000,1,2,20863
119,N,normal,New_N_120.wav,audios/New_N_120.wav,2.645,8000,1,2,21160
120,N,normal,New_N_121.wav,audios/New_N_121.wav,2.588125,8000,1,2,20705
121,N,normal,New_N_122.wav,audios/New_N_122.wav,2.543,8000,1,2,20344
122,N,normal,New_N_123.wav,audios/New_N_123.wav,2.682375,8000,1,2,21459
123,N,normal,New_N_124.wav,audios/New_N_124.wav,2.570625,8000,1,2,20565
124,N,normal,New_N_125.wav,audios/New_N_125.wav,2.501375,8000,1,2,20011
125,N,normal,New_N_126.wav,audios/New_N_126.wav,2.41475,8000,1,2,19318
126,N,normal,New_N_127.wav,audios/New_N_127.wav,2.35525,8000,1,2,18842
127,N,normal,New_N_128.wav,audios/New_N_128.wav,2.42725,8000,1,2,19418
128,N,normal,New_N_129.wav,audios/New_N_129.wav,2.3515,8000,1,2,18812
129,N,normal,New_N_130.wav,audios/New_N_130.wav,2.401625,8000,1,2,19213
130,N,normal,New_N_131.wav,audios/New_N_131.wav,2.36725,8000,1,2,18938
131,N,normal,New_N_132.wav,audios/New_N_132.wav,2.406375,8000,1,2,19251
132,N,normal,New_N_133.wav,audios/New_N_133.wav,2.372375,8000,1,2,18979
133,N,normal,New_N_134.wav,audios/New_N_134.wav,2.418875,8000,1,2,19351
134,N,normal,New_N_135.wav,audios/New_N_135.wav,2.351625,8000,1,2,18813
135,N,normal,New_N_136.wav,audios/New_N_136.wav,2.41875,8000,1,2,19350
136,N,normal,New_N_137.wav,audios/New_N_137.wav,2.410125,8000,1,2,19281
137,N,normal,New_N_138.wav,audios/New_N_138.wav,2.40575,8000,1,2,19246
138,N,normal,New_N_139.wav,audios/New_N_139.wav,2.322125,8000,1,2,18577
139,N,normal,New_N_140.wav,audios/New_N_140.wav,2.41,8000,1,2,19280
140,N,normal,New_N_141.wav,audios/New_N_141.wav,2.393125,8000,1,2,19145
141,N,normal,New_N_142.wav,audios/New_N_142.wav,2.397875,8000,1,2,19183
142,N,normal,New_N_143.wav,audios/New_N_143.wav,2.389375,8000,1,2,19115
143,N,normal,New_N_144.wav,audios/New_N_144.wav,2.40325,8000,1,2,19226
144,N,normal,New_N_145.wav,audios/New_N_145.wav,2.32,8000,1,2,18560
145,N,normal,New_N_146.wav,audios/New_N_146.wav,2.396375,8000,1,2,19171
146,N,normal,New_N_147.wav,audios/New_N_147.wav,2.388,8000,1,2,19104
147,N,normal,New_N_148.wav,audios/New_N_148.wav,2.40575,8000,1,2,19246
148,N,normal,New_N_149.wav,audios/New_N_149.wav,2.36375,8000,1,2,18910
149,N,normal,New_N_150.wav,audios/New_N_150.wav,2.39525,8000,1,2,19162
150,N,normal,New_N_151.wav,audios/New_N_151.wav,2.37825,8000,1,2,19026
151,N,normal,New_N_152.wav,audios/New_N_152.wav,2.39525,8000,1,2,19162
152,N,normal,New_N_153.wav,audios/New_N_153.wav,2.361125,8000,1,2,18889
153,N,normal,New_N_154.wav,audios/New_N_154.wav,2.42075,8000,1,2,19366
154,N,normal,New_N_155.wav,audios/New_N_155.wav,2.37825,8000,1,2,19026
155,N,normal,New_N_156.wav,audios/New_N_156.wav,2.412875,8000,1,2,19303
156,N,normal,New_N_157.wav,audios/New_N_157.wav,2.13425,8000,1,2,17074
157,N,normal,New_N_158.wav,audios/New_N_158.wav,2.1015,8000,1,2,16812
158,N,normal,New_N_159.wav,audios/New_N_159.wav,2.08675,8000,1,2,16694
159,N,normal,New_N_160.wav,audios/New_N_160.wav,2.116375,8000,1,2,16931
160,N,normal,New_N_161.wav,audios/New_N_161.wav,2.08675,8000,1,2,16694
161,N,normal,New_N_162.wav,audios/New_N_162.wav,2.110375,8000,1,2,16883
162,N,normal,New_N_163.wav,audios/New_N_163.wav,2.140375,8000,1,2,17123
163,N,normal,New_N_164.wav,audios/New_N_164.wav,2.116375,8000,1,2,16931
164,N,normal,New_N_165.wav,audios/New_N_165.wav,2.08675,8000,1,2,16694
165,N,normal,New_N_166.wav,audios/New_N_166.wav,2.114125,8000,1,2,16913
166,N,normal,New_N_167.wav,audios/New_N_167.wav,2.05575,8000,1,2,16446
167,N,normal,New_N_168.wav,audios/New_N_168.wav,2.117875,8000,1,2,16943
168,N,normal,New_N_169.wav,audios/New_N_169.wav,2.103,8000,1,2,16824
169,N,normal,New_N_170.wav,audios/New_N_170.wav,2.109,8000,1,2,16872
170,N,normal,New_N_171.wav,audios/New_N_171.wav,2.079375,8000,1,2,16635
171,N,normal,New_N_172.wav,audios/New_N_172.wav,2.125375,8000,1,2,17003
172,N,normal,New_N_173.wav,audios/New_N_173.wav,2.125375,8000,1,2,17003
173,N,normal,New_N_174.wav,audios/New_N_174.wav,2.076125,8000,1,2,16609
174,N,normal,New_N_175.wav,audios/New_N_175.wav,2.128125,8000,1,2,17025
175,N,normal,New_N_176.wav,audios/New_N_176.wav,2.106,8000,1,2,16848
176,N,normal,New_N_177.wav,audios/New_N_177.wav,2.106125,8000,1,2,16849
177,N,normal,New_N_178.wav,audios/New_N_178.wav,2.12825,8000,1,2,17026
178,N,normal,New_N_179.wav,audios/New_N_179.wav,2.083625,8000,1,2,16669
179,N,normal,New_N_180.wav,audios/New_N_180.wav,2.11625,8000,1,2,16930
180,N,normal,New_N_181.wav,audios/New_N_181.wav,2.108875,8000,1,2,16871
181,N,normal,New_N_182.wav,audios/New_N_182.wav,2.1135,8000,1,2,16908
182,N,normal,New_N_183.wav,audios/New_N_183.wav,2.120875,8000,1,2,16967
183,N,normal,New_N_184.wav,audios/New_N_184.wav,2.1135,8000,1,2,16908
184,N,normal,New_N_185.wav,audios/New_N_185.wav,2.054125,8000,1,2,16433
185,N,normal,New_N_186.wav,audios/New_N_186.wav,2.08675,8000,1,2,16694
186,N,normal,New_N_187.wav,audios/New_N_187.wav,2.094,8000,1,2,16752
187,N,normal,New_N_188.wav,audios/New_N_188.wav,2.120875,8000,1,2,16967
188,N,normal,New_N_189.wav,audios/New_N_189.wav,2.068625,8000,1,2,16549
189,N,normal,New_N_190.wav,audios/New_N_190.wav,2.10575,8000,1,2,16846
190,N,normal,New_N_191.wav,audios/New_N_191.wav,2.106,8000,1,2,16848
191,N,normal,New_N_192.wav,audios/New_N_192.wav,2.11425,8000,1,2,16914
192,N,normal,New_N_193.wav,audios/New_N_193.wav,2.03375,8000,1,2,16270
193,N,normal,New_N_194.wav,audios/New_N_194.wav,2.391,8000,1,2,19128
194,N,normal,New_N_195.wav,audios/New_N_195.wav,2.46,8000,1,2,19680
195,N,normal,New_N_196.wav,audios/New_N_196.wav,2.42975,8000,1,2,19438
196,N,normal,New_N_197.wav,audios/New_N_197.wav,2.368875,8000,1,2,18951
197,N,normal,New_N_198.wav,audios/New_N_198.wav,2.421125,8000,1,2,19369
198,N,normal,New_N_199.wav,audios/New_N_199.wav,2.42975,8000,1,2,19438
199,N,normal,New_N_200.wav,audios/New_N_200.wav,2.40525,8000,1,2,19242
200,AS,anomalo,New_AS_001.wav,audios/New_AS_001.wav,2.606125,8000,1,2,20849
201,AS,anomalo,New_AS_002.wav,audios/New_AS_002.wav,2.60675,8000,1,2,20854
202,AS,anomalo,New_AS_003.wav,audios/New_AS_003.wav,2.610375,8000,1,2,20883
203,AS,anomalo,New_AS_004.wav,audios/New_AS_004.wav,2.608875,8000,1,2,20871
204,AS,anomalo,New_AS_005.wav,audios/New_AS_005.wav,2.62375,8000,1,2,20990
205,AS,anomalo,New_AS_006.wav,audios/New_AS_006.wav,2.60175,8000,1,2,20814
206,AS,anomalo,New_AS_007.wav,audios/New_AS_007.wav,2.608625,8000,1,2,20869
207,AS,anomalo,New_AS_008.wav,audios/New_AS_008.wav,2.600125,8000,1,2,20801
208,AS,anomalo,New_AS_009.wav,audios/New_AS_009.wav,2.61225,8000,1,2,20898
209,AS,anomalo,New_AS_010.wav,audios/New_AS_010.wav,2.612375,8000,1,2,20899
210,AS,anomalo,New_AS_011.wav,audios/New_AS_011.wav,2.59225,8000,1,2,20738
211,AS,anomalo,New_AS_012.wav,audios/New_AS_012.wav,2.60575,8000,1,2,20846
212,AS,anomalo,New_AS_013.wav,audios/New_AS_013.wav,2.630875,8000,1,2,21047
213,AS,anomalo,New_AS_014.wav,audios/New_AS_014.wav,2.60675,8000,1,2,20854
214,AS,anomalo,New_AS_015.wav,audios/New_AS_015.wav,2.61725,8000,1,2,20938
215,AS,anomalo,New_AS_016.wav,audios/New_AS_016.wav,2.42475,8000,1,2,19398
216,AS,anomalo,New_AS_017.wav,audios/New_AS_017.wav,2.585875,8000,1,2,20687
217,AS,anomalo,New_AS_018.wav,audios/New_AS_018.wav,2.603375,8000,1,2,20827
218,AS,anomalo,New_AS_019.wav,audios/New_AS_019.wav,2.616625,8000,1,2,20933
219,AS,anomalo,New_AS_020.wav,audios/New_AS_020.wav,2.598,8000,1,2,20784
220,AS,anomalo,New_AS_021.wav,audios/New_AS_021.wav,2.638125,8000,1,2,21105
221,AS,anomalo,New_AS_022.wav,audios/New_AS_022.wav,2.604625,8000,1,2,20837
222,AS,anomalo,New_AS_023.wav,audios/New_AS_023.wav,2.624625,8000,1,2,20997
223,AS,anomalo,New_AS_024.wav,audios/New_AS_024.wav,2.82025,8000,1,2,22562
224,AS,anomalo,New_AS_025.wav,audios/New_AS_025.wav,2.613875,8000,1,2,20911
225,AS,anomalo,New_AS_026.wav,audios/New_AS_026.wav,2.599625,8000,1,2,20797
226,AS,anomalo,New_AS_027.wav,audios/New_AS_027.wav,2.608625,8000,1,2,20869
227,AS,anomalo,New_AS_028.wav,audios/New_AS_028.wav,2.628375,8000,1,2,21027
228,AS,anomalo,New_AS_029.wav,audios/New_AS_029.wav,2.584125,8000,1,2,20673
229,AS,anomalo,New_AS_030.wav,audios/New_AS_030.wav,2.60425,8000,1,2,20834
230,AS,anomalo,New_AS_031.wav,audios/New_AS_031.wav,2.631125,8000,1,2,21049
231,AS,anomalo,New_AS_032.wav,audios/New_AS_032.wav,2.609125,8000,1,2,20873
232,AS,anomalo,New_AS_033.wav,audios/New_AS_033.wav,2.618125,8000,1,2,20945
233,AS,anomalo,New_AS_034.wav,audios/New_AS_034.wav,2.6235,8000,1,2,20988
234,AS,anomalo,New_AS_035.wav,audios/New_AS_035.wav,2.607875,8000,1,2,20863
235,AS,anomalo,New_AS_036.wav,audios/New_AS_036.wav,2.612125,8000,1,2,20897
236,AS,anomalo,New_AS_037.wav,audios/New_AS_037.wav,2.619125,8000,1,2,20953
237,AS,anomalo,New_AS_038.wav,audios/New_AS_038.wav,2.60125,8000,1,2,20810
238,AS,anomalo,New_AS_039.wav,audios/New_AS_039.wav,2.632375,8000,1,2,21059
239,AS,anomalo,New_AS_040.wav,audios/New_AS_040.wav,2.633875,8000,1,2,21071
240,AS,anomalo,New_AS_041.wav,audios/New_AS_041.wav,2.589375,8000,1,2,20715
241,AS,anomalo,New_AS_042.wav,audios/New_AS_042.wav,2.609375,8000,1,2,20875
242,AS,anomalo,New_AS_043.wav,audios/New_AS_043.wav,2.60125,8000,1,2,20810
243,AS,anomalo,New_AS_044.wav,audios/New_AS_044.wav,2.6105,8000,1,2,20884
244,AS,anomalo,New_AS_045.wav,audios/New_AS_045.wav,2.638,8000,1,2,21104
245,AS,anomalo,New_AS_046.wav,audios/New_AS_046.wav,2.627,8000,1,2,21016
246,AS,anomalo,New_AS_047.wav,audios/New_AS_047.wav,2.58625,8000,1,2,20690
247,AS,anomalo,New_AS_048.wav,audios/New_AS_048.wav,3.427125,8000,1,2,27417
248,AS,anomalo,New_AS_049.wav,audios/New_AS_049.wav,2.9275,8000,1,2,23420
249,AS,anomalo,New_AS_050.wav,audios/New_AS_050.wav,2.917625,8000,1,2,23341
250,AS,anomalo,New_AS_051.wav,audios/New_AS_051.wav,2.918375,8000,1,2,23347
251,AS,anomalo,New_AS_052.wav,audios/New_AS_052.wav,2.917875,8000,1,2,23343
252,AS,anomalo,New_AS_053.wav,audios/New_AS_053.wav,2.939375,8000,1,2,23515
253,AS,anomalo,New_AS_054.wav,audios/New_AS_054.wav,2.914375,8000,1,2,23315
254,AS,anomalo,New_AS_055.wav,audios/New_AS_055.wav,2.94775,8000,1,2,23582
255,AS,anomalo,New_AS_056.wav,audios/New_AS_056.wav,2.91025,8000,1,2,23282
256,AS,anomalo,New_AS_057.wav,audios/New_AS_057.wav,2.923875,8000,1,2,23391
257,AS,anomalo,New_AS_058.wav,audios/New_AS_058.wav,2.89175,8000,1,2,23134
258,AS,anomalo,New_AS_059.wav,audios/New_AS_059.wav,2.927625,8000,1,2,23421
259,AS,anomalo,New_AS_060.wav,audios/New_AS_060.wav,2.924,8000,1,2,23392
260,AS,anomalo,New_AS_061.wav,audios/New_AS_061.wav,2.96025,8000,1,2,23682
261,AS,anomalo,New_AS_062.wav,audios/New_AS_062.wav,2.9135,8000,1,2,23308
262,AS,anomalo,New_AS_063.wav,audios/New_AS_063.wav,2.918375,8000,1,2,23347
263,AS,anomalo,New_AS_064.wav,audios/New_AS_064.wav,2.916,8000,1,2,23328
264,AS,anomalo,New_AS_065.wav,audios/New_AS_065.wav,2.961,8000,1,2,23688
265,AS,anomalo,New_AS_066.wav,audios/New_AS_066.wav,2.91075,8000,1,2,23286
266,AS,anomalo,New_AS_067.wav,audios/New_AS_067.wav,2.940875,8000,1,2,23527
267,AS,anomalo,New_AS_068.wav,audios/New_AS_068.wav,2.902875,8000,1,2,23223
268,AS,anomalo,New_AS_069.wav,audios/New_AS_069.wav,2.961125,8000,1,2,23689
269,AS,anomalo,New_AS_070.wav,audios/New_AS_070.wav,2.90675,8000,1,2,23254
270,AS,anomalo,New_AS_071.wav,audios/New_AS_071.wav,2.94775,8000,1,2,23582
271,AS,anomalo,New_AS_072.wav,audios/New_AS_072.wav,2.916875,8000,1,2,23335
272,AS,anomalo,New_AS_073.wav,audios/New_AS_073.wav,2.9415,8000,1,2,23532
273,AS,anomalo,New_AS_074.wav,audios/New_AS_074.wav,2.912125,8000,1,2,23297
274,AS,anomalo,New_AS_075.wav,audios/New_AS_075.wav,2.941625,8000,1,2,23533
275,AS,anomalo,New_AS_076.wav,audios/New_AS_076.wav,2.92125,8000,1,2,23370
276,AS,anomalo,New_AS_077.wav,audios/New_AS_077.wav,2.613625,8000,1,2,20909
277,AS,anomalo,New_AS_078.wav,audios/New_AS_078.wav,2.605125,8000,1,2,20841
278,AS,anomalo,New_AS_079.wav,audios/New_AS_079.wav,2.613,8000,1,2,20904
279,AS,anomalo,New_AS_080.wav,audios/New_AS_080.wav,2.6305,8000,1,2,21044
280,AS,anomalo,New_AS_081.wav,audios/New_AS_081.wav,2.589375,8000,1,2,20715
281,AS,anomalo,New_AS_082.wav,audios/New_AS_082.wav,2.615375,8000,1,2,20923
282,AS,anomalo,New_AS_083.wav,audios/New_AS_083.wav,2.63825,8000,1,2,21106
283,AS,anomalo,New_AS_084.wav,audios/New_AS_084.wav,2.612,8000,1,2,20896
284,AS,anomalo,New_AS_085.wav,audios/New_AS_085.wav,2.618375,8000,1,2,20947
285,AS,anomalo,New_AS_086.wav,audios/New_AS_086.wav,2.6085,8000,1,2,20868
286,AS,anomalo,New_AS_087.wav,audios/New_AS_087.wav,2.603625,8000,1,2,20829
287,AS,anomalo,New_AS_088.wav,audios/New_AS_088.wav,2.61,8000,1,2,20880
288,AS,anomalo,New_AS_089.wav,audios/New_AS_089.wav,2.6335,8000,1,2,21068
289,AS,anomalo,New_AS_090.wav,audios/New_AS_090.wav,2.604125,8000,1,2,20833
290,AS,anomalo,New_AS_091.wav,audios/New_AS_091.wav,2.614875,8000,1,2,20919
291,AS,anomalo,New_AS_092.wav,audios/New_AS_092.wav,2.635,8000,1,2,21080
292,AS,anomalo,New_AS_093.wav,audios/New_AS_093.wav,2.579625,8000,1,2,20637
293,AS,anomalo,New_AS_094.wav,audios/New_AS_094.wav,2.604375,8000,1,2,20835
294,AS,anomalo,New_AS_095.wav,audios/New_AS_095.wav,2.63025,8000,1,2,21042
295,AS,anomalo,New_AS_096.wav,audios/New_AS_096.wav,2.604875,8000,1,2,20839
296,AS,anomalo,New_AS_097.wav,audios/New_AS_097.wav,2.621625,8000,1,2,20973
297,AS,anomalo,New_AS_098.wav,audios/New_AS_098.wav,2.626625,8000,1,2,21013
298,AS,anomalo,New_AS_099.wav,audios/New_AS_099.wav,2.600125,8000,1,2,20801
299,AS,anomalo,New_AS_100.wav,audios/New_AS_100.wav,3.117875,8000,1,2,24943
300,AS,anomalo,New_AS_101.wav,audios/New_AS_101.wav,2.59075,8000,1,2,20726
301,AS,anomalo,New_AS_102.wav,audios/New_AS_102.wav,2.601875,8000,1,2,20815
302,AS,anomalo,New_AS_103.wav,audios/New_AS_103.wav,2.61425,8000,1,2,20914
303,AS,anomalo,New_AS_104.wav,audios/New_AS_104.wav,2.631125,8000,1,2,21049
304,AS,anomalo,New_AS_105.wav,audios/New_AS_105.wav,2.604375,8000,1,2,20835
305,AS,anomalo,New_AS_106.wav,audios/New_AS_106.wav,2.59725,8000,1,2,20778
306,AS,anomalo,New_AS_107.wav,audios/New_AS_107.wav,2.62825,8000,1,2,21026
307,AS,anomalo,New_AS_108.wav,audios/New_AS_108.wav,2.608375,8000,1,2,20867
308,AS,anomalo,New_AS_109.wav,audios/New_AS_109.wav,2.629625,8000,1,2,21037
309,AS,anomalo,New_AS_110.wav,audios/New_AS_110.wav,2.62625,8000,1,2,21010
310,AS,anomalo,New_AS_111.wav,audios/New_AS_111.wav,2.4105,8000,1,2,19284
311,AS,anomalo,New_AS_112.wav,audios/New_AS_112.wav,2.4205,8000,1,2,19364
312,AS,anomalo,New_AS_113.wav,audios/New_AS_113.wav,2.410125,8000,1,2,19281
313,AS,anomalo,New_AS_114.wav,audios/New_AS_114.wav,2.416375,8000,1,2,19331
314,AS,anomalo,New_AS_115.wav,audios/New_AS_115.wav,2.639875,8000,1,2,21119
315,AS,anomalo,New_AS_116.wav,audios/New_AS_116.wav,2.6155,8000,1,2,20924
316,AS,anomalo,New_AS_117.wav,audios/New_AS_117.wav,2.608,8000,1,2,20864
317,AS,anomalo,New_AS_118.wav,audios/New_AS_118.wav,2.614875,8000,1,2,20919
318,AS,anomalo,New_AS_119.wav,audios/New_AS_119.wav,2.62375,8000,1,2,20990
319,AS,anomalo,New_AS_120.wav,audios/New_AS_120.wav,2.629625,8000,1,2,21037
320,AS,anomalo,New_AS_121.wav,audios/New_AS_121.wav,2.63,8000,1,2,21040
321,AS,anomalo,New_AS_122.wav,audios/New_AS_122.wav,2.5995,8000,1,2,20796
322,AS,anomalo,New_AS_123.wav,audios/New_AS_123.wav,2.6185,8000,1,2,20948
323,AS,anomalo,New_AS_124.wav,audios/New_AS_124.wav,2.610875,8000,1,2,20887
324,AS,anomalo,New_AS_125.wav,audios/New_AS_125.wav,2.6265,8000,1,2,21012
325,AS,anomalo,New_AS_126.wav,audios/New_AS_126.wav,2.6355,8000,1,2,21084
326,AS,anomalo,New_AS_127.wav,audios/New_AS_127.wav,2.5855,8000,1,2,20684
327,AS,anomalo,New_AS_128.wav,audios/New_AS_128.wav,3.55025,8000,1,2,28402
328,AS,anomalo,New_AS_129.wav,audios/New_AS_129.wav,2.3725,8000,1,2,18980
329,AS,anomalo,New_AS_130.wav,audios/New_AS_130.wav,2.391375,8000,1,2,19131
330,AS,anomalo,New_AS_131.wav,audios/New_AS_131.wav,2.795,8000,1,2,22360
331,AS,anomalo,New_AS_132.wav,audios/New_AS_132.wav,2.776,8000,1,2,22208
332,AS,anomalo,New_AS_133.wav,audios/New_AS_133.wav,2.92475,8000,1,2,23398
333,AS,anomalo,New_AS_134.wav,audios/New_AS_134.wav,2.54425,8000,1,2,20354
334,AS,anomalo,New_AS_135.wav,audios/New_AS_135.wav,3.1055,8000,1,2,24844
335,AS,anomalo,New_AS_136.wav,audios/New_AS_136.wav,2.364375,8000,1,2,18915
336,AS,anomalo,New_AS_137.wav,audios/New_AS_137.wav,2.36225,8000,1,2,18898
337,AS,anomalo,New_AS_138.wav,audios/New_AS_138.wav,2.365375,8000,1,2,18923
338,AS,anomalo,New_AS_139.wav,audios/New_AS_139.wav,2.361875,8000,1,2,18895
339,AS,anomalo,New_AS_140.wav,audios/New_AS_140.wav,3.286,8000,1,2,26288
340,AS,anomalo,New_AS_141.wav,audios/New_AS_141.wav,3.29475,8000,1,2,26358
341,AS,anomalo,New_AS_142.wav,audios/New_AS_142.wav,3.322,8000,1,2,26576
342,AS,anomalo,New_AS_143.wav,audios/New_AS_143.wav,2.656875,8000,1,2,21255
343,AS,anomalo,New_AS_144.wav,audios/New_AS_144.wav,2.99825,8000,1,2,23986
344,AS,anomalo,New_AS_145.wav,audios/New_AS_145.wav,2.977375,8000,1,2,23819
345,AS,anomalo,New_AS_146.wav,audios/New_AS_146.wav,3.0115,8000,1,2,24092
346,AS,anomalo,New_AS_147.wav,audios/New_AS_147.wav,2.996375,8000,1,2,23971
347,AS,anomalo,New_AS_148.wav,audios/New_AS_148.wav,2.889375,8000,1,2,23115
348,AS,anomalo,New_AS_149.wav,audios/New_AS_149.wav,2.9935,8000,1,2,23948
349,AS,anomalo,New_AS_150.wav,audios/New_AS_150.wav,3.017,8000,1,2,24136
350,AS,anomalo,New_AS_151.wav,audios/New_AS_151.wav,2.993875,8000,1,2,23951
351,AS,anomalo,New_AS_152.wav,audios/New_AS_152.wav,3.29875,8000,1,2,26390
352,AS,anomalo,New_AS_153.wav,audios/New_AS_153.wav,3.295875,8000,1,2,26367
353,AS,anomalo,New_AS_154.wav,audios/New_AS_154.wav,3.322125,8000,1,2,26577
354,AS,anomalo,New_AS_155.wav,audios/New_AS_155.wav,2.92075,8000,1,2,23366
355,AS,anomalo,New_AS_156.wav,audios/New_AS_156.wav,2.366625,8000,1,2,18933
356,AS,anomalo,New_AS_157.wav,audios/New_AS_157.wav,2.354875,8000,1,2,18839
357,AS,anomalo,New_AS_158.wav,audios/New_AS_158.wav,2.37025,8000,1,2,18962
358,AS,anomalo,New_AS_159.wav,audios/New_AS_159.wav,2.365875,8000,1,2,18927
359,AS,anomalo,New_AS_160.wav,audios/New_AS_160.wav,2.37175,8000,1,2,18974
360,AS,anomalo,New_AS_161.wav,audios/New_AS_161.wav,2.369125,8000,1,2,18953
361,AS,anomalo,New_AS_162.wav,audios/New_AS_162.wav,2.37975,8000,1,2,19038
362,AS,anomalo,New_AS_163.wav,audios/New_AS_163.wav,2.36775,8000,1,2,18942
363,AS,anomalo,New_AS_164.wav,audios/New_AS_164.wav,3.015625,8000,1,2,24125
364,AS,anomalo,New_AS_165.wav,audios/New_AS_165.wav,3.0115,8000,1,2,24092
365,AS,anomalo,New_AS_166.wav,audios/New_AS_166.wav,2.98675,8000,1,2,23894
366,AS,anomalo,New_AS_167.wav,audios/New_AS_167.wav,3.015375,8000,1,2,24123
367,AS,anomalo,New_AS_168.wav,audios/New_AS_168.wav,3.03475,8000,1,2,24278
368,AS,anomalo,New_AS_169.wav,audios/New_AS_169.wav,2.950375,8000,1,2,23603
369,AS,anomalo,New_AS_170.wav,audios/New_AS_170.wav,3.00575,8000,1,2,24046
370,AS,anomalo,New_AS_171.wav,audios/New_AS_171.wav,3.0165,8000,1,2,24132
371,AS,anomalo,New_AS_172.wav,audios/New_AS_172.wav,2.96625,8000,1,2,23730
372,AS,anomalo,New_AS_173.wav,audios/New_AS_173.wav,3.0165,8000,1,2,24132
373,AS,anomalo,New_AS_174.wav,audios/New_AS_174.wav,3.152875,8000,1,2,25223
374,AS,anomalo,New_AS_175.wav,audios/New_AS_175.wav,2.818,8000,1,2,22544
375,AS,anomalo,New_AS_176.wav,audios/New_AS_176.wav,3.008375,8000,1,2,24067
376,AS,anomalo,New_AS_177.wav,audios/New_AS_177.wav,3.015875,8000,1,2,24127
377,AS,anomalo,New_AS_178.wav,audios/New_AS_178.wav,3.01,8000,1,2,24080
378,AS,anomalo,New_AS_179.wav,audios/New_AS_179.wav,2.969875,8000,1,2,23759
379,AS,anomalo,New_AS_180.wav,audios/New_AS_180.wav,2.519375,8000,1,2,20155
380,AS,anomalo,New_AS_181.wav,audios/New_AS_181.wav,2.517875,8000,1,2,20143
381,AS,anomalo,New_AS_182.wav,audios/New_AS_182.wav,2.52325,8000,1,2,20186
382,AS,anomalo,New_AS_183.wav,audios/New_AS_183.wav,2.517875,8000,1,2,20143
383,AS,anomalo,New_AS_184.wav,audios/New_AS_184.wav,2.371625,8000,1,2,18973
384,AS,anomalo,New_AS_185.wav,audios/New_AS_185.wav,2.363625,8000,1,2,18909
385,AS,anomalo,New_AS_186.wav,audios/New_AS_186.wav,2.383125,8000,1,2,19065
386,AS,anomalo,New_AS_187.wav,audios/New_AS_187.wav,2.37125,8000,1,2,18970
387,AS,anomalo,New_AS_188.wav,audios/New_AS_188.wav,2.401375,8000,1,2,19211
388,AS,anomalo,New_AS_189.wav,audios/New_AS_189.wav,2.349875,8000,1,2,18799
389,AS,anomalo,New_AS_190.wav,audios/New_AS_190.wav,2.970375,8000,1,2,23763
390,AS,anomalo,New_AS_191.wav,audios/New_AS_191.wav,2.9675,8000,1,2,23740
391,AS,anomalo,New_AS_192.wav,audios/New_AS_192.wav,3.471,8000,1,2,27768
392,AS,anomalo,New_AS_193.wav,audios/New_AS_193.wav,3.525625,8000,1,2,28205
393,AS,anomalo,New_AS_194.wav,audios/New_AS_194.wav,3.25475,8000,1,2,26038
394,AS,anomalo,New_AS_195.wav,audios/New_AS_195.wav,3.250125,8000,1,2,26001
395,AS,anomalo,New_AS_196.wav,audios/New_AS_196.wav,3.060875,8000,1,2,24487
396,AS,anomalo,New_AS_197.wav,audios/New_AS_197.wav,3.088125,8000,1,2,24705
397,AS,anomalo,New_AS_198.wav,audios/New_AS_198.wav,3.079125,8000,1,2,24633
398,AS,anomalo,New_AS_199.wav,audios/New_AS_199.wav,3.03775,8000,1,2,24302
399,AS,anomalo,New_AS_200.wav,audios/New_AS_200.wav,3.041125,8000,1,2,24329
400,MR,anomalo,New_MR_001.wav,audios/New_MR_001.wav,2.099375,8000,1,2,16795
401,MR,anomalo,New_MR_002.wav,audios/New_MR_002.wav,2.0845,8000,1,2,16676
402,MR,anomalo,New_MR_003.wav,audios/New_MR_003.wav,2.11425,8000,1,2,16914
403,MR,anomalo,New_MR_004.wav,audios/New_MR_004.wav,2.077,8000,1,2,16616
404,MR,anomalo,New_MR_005.wav,audios/New_MR_005.wav,1.5755,8000,1,2,12604
405,MR,anomalo,New_MR_006.wav,audios/New_MR_006.wav,1.71875,8000,1,2,13750
406,MR,anomalo,New_MR_007.wav,audios/New_MR_007.wav,1.80625,8000,1,2,14450
407,MR,anomalo,New_MR_008.wav,audios/New_MR_008.wav,1.61425,8000,1,2,12914
408,MR,anomalo,New_MR_009.wav,audios/New_MR_009.wav,1.774875,8000,1,2,14199
409,MR,anomalo,New_MR_010.wav,audios/New_MR_010.wav,1.665875,8000,1,2,13327
410,MR,anomalo,New_MR_011.wav,audios/New_MR_011.wav,2.446375,8000,1,2,19571
411,MR,anomalo,New_MR_012.wav,audios/New_MR_012.wav,2.4035,8000,1,2,19228
412,MR,anomalo,New_MR_013.wav,audios/New_MR_013.wav,2.439125,8000,1,2,19513
413,MR,anomalo,New_MR_014.wav,audios/New_MR_014.wav,2.371375,8000,1,2,18971
414,MR,anomalo,New_MR_015.wav,audios/New_MR_015.wav,1.850625,8000,1,2,14805
415,MR,anomalo,New_MR_016.wav,audios/New_MR_016.wav,1.76675,8000,1,2,14134
416,MR,anomalo,New_MR_017.wav,audios/New_MR_017.wav,2.04875,8000,1,2,16390
417,MR,anomalo,New_MR_018.wav,audios/New_MR_018.wav,1.665,8000,1,2,13320
418,MR,anomalo,New_MR_019.wav,audios/New_MR_019.wav,1.94825,8000,1,2,15586
419,MR,anomalo,New_MR_020.wav,audios/New_MR_020.wav,1.731875,8000,1,2,13855
420,MR,anomalo,New_MR_021.wav,audios/New_MR_021.wav,1.86575,8000,1,2,14926
421,MR,anomalo,New_MR_022.wav,audios/New_MR_022.wav,1.885875,8000,1,2,15087
422,MR,anomalo,New_MR_023.wav,audios/New_MR_023.wav,1.94425,8000,1,2,15554
423,MR,anomalo,New_MR_024.wav,audios/New_MR_024.wav,1.917125,8000,1,2,15337
424,MR,anomalo,New_MR_025.wav,audios/New_MR_025.wav,1.984125,8000,1,2,15873
425,MR,anomalo,New_MR_026.wav,audios/New_MR_026.wav,2.179125,8000,1,2,17433
426,MR,anomalo,New_MR_027.wav,audios/New_MR_027.wav,2.195,8000,1,2,17560
427,MR,anomalo,New_MR_028.wav,audios/New_MR_028.wav,2.206625,8000,1,2,17653
428,MR,anomalo,New_MR_029.wav,audios/New_MR_029.wav,2.199,8000,1,2,17592
429,MR,anomalo,New_MR_030.wav,audios/New_MR_030.wav,2.24425,8000,1,2,17954
430,MR,anomalo,New_MR_031.wav,audios/New_MR_031.wav,2.182375,8000,1,2,17459
431,MR,anomalo,New_MR_032.wav,audios/New_MR_032.wav,2.24425,8000,1,2,17954
432,MR,anomalo,New_MR_033.wav,audios/New_MR_033.wav,2.1805,8000,1,2,17444
433,MR,anomalo,New_MR_034.wav,audios/New_MR_034.wav,2.2985,8000,1,2,18388
434,MR,anomalo,New_MR_035.wav,audios/New_MR_035.wav,2.306625,8000,1,2,18453
435,MR,anomalo,New_MR_036.wav,audios/New_MR_036.wav,2.303375,8000,1,2,18427
436,MR,anomalo,New_MR_037.wav,audios/New_MR_037.wav,2.0155,8000,1,2,16124
437,MR,anomalo,New_MR_038.wav,audios/New_MR_038.wav,2.385375,8000,1,2,19083
438,MR,anomalo,New_MR_039.wav,audios/New_MR_039.wav,2.271,8000,1,2,18168
439,MR,anomalo,New_MR_040.wav,audios/New_MR_040.wav,2.37325,8000,1,2,18986
440,MR,anomalo,New_MR_041.wav,audios/New_MR_041.wav,2.43275,8000,1,2,19462
441,MR,anomalo,New_MR_042.wav,audios/New_MR_042.wav,2.389,8000,1,2,19112
442,MR,anomalo,New_MR_043.wav,audios/New_MR_043.wav,2.440125,8000,1,2,19521
443,MR,anomalo,New_MR_044.wav,audios/New_MR_044.wav,2.430375,8000,1,2,19443
444,MR,anomalo,New_MR_045.wav,audios/New_MR_045.wav,2.4305,8000,1,2,19444
445,MR,anomalo,New_MR_046.wav,audios/New_MR_046.wav,2.370625,8000,1,2,18965
446,MR,anomalo,New_MR_047.wav,audios/New_MR_047.wav,2.4045,8000,1,2,19236
447,MR,anomalo,New_MR_048.wav,audios/New_MR_048.wav,2.411,8000,1,2,19288
448,MR,anomalo,New_MR_049.wav,audios/New_MR_049.wav,2.4195,8000,1,2,19356
449,MR,anomalo,New_MR_050.wav,audios/New_MR_050.wav,2.357,8000,1,2,18856
450,MR,anomalo,New_MR_051.wav,audios/New_MR_051.wav,2.357,8000,1,2,18856
451,MR,anomalo,New_MR_052.wav,audios/New_MR_052.wav,2.208875,8000,1,2,17671
452,MR,anomalo,New_MR_053.wav,audios/New_MR_053.wav,2.185375,8000,1,2,17483
453,MR,anomalo,New_MR_054.wav,audios/New_MR_054.wav,2.22925,8000,1,2,17834
454,MR,anomalo,New_MR_055.wav,audios/New_MR_055.wav,2.17475,8000,1,2,17398
455,MR,anomalo,New_MR_056.wav,audios/New_MR_056.wav,2.226625,8000,1,2,17813
456,MR,anomalo,New_MR_057.wav,audios/New_MR_057.wav,2.188125,8000,1,2,17505
457,MR,anomalo,New_MR_058.wav,audios/New_MR_058.wav,2.22475,8000,1,2,17798
458,MR,anomalo,New_MR_059.wav,audios/New_MR_059.wav,2.16975,8000,1,2,17358
459,MR,anomalo,New_MR_060.wav,audios/New_MR_060.wav,2.197,8000,1,2,17576
460,MR,anomalo,New_MR_061.wav,audios/New_MR_061.wav,2.20475,8000,1,2,17638
461,MR,anomalo,New_MR_062.wav,audios/New_MR_062.wav,2.200125,8000,1,2,17601
462,MR,anomalo,New_MR_063.wav,audios/New_MR_063.wav,2.239375,8000,1,2,17915
463,MR,anomalo,New_MR_064.wav,audios/New_MR_064.wav,2.22575,8000,1,2,17806
464,MR,anomalo,New_MR_065.wav,audios/New_MR_065.wav,2.170625,8000,1,2,17365
465,MR,anomalo,New_MR_066.wav,audios/New_MR_066.wav,2.207,8000,1,2,17656
466,MR,anomalo,New_MR_067.wav,audios/New_MR_067.wav,2.230375,8000,1,2,17843
467,MR,anomalo,New_MR_068.wav,audios/New_MR_068.wav,2.232625,8000,1,2,17861
468,MR,anomalo,New_MR_069.wav,audios/New_MR_069.wav,2.177625,8000,1,2,17421
469,MR,anomalo,New_MR_070.wav,audios/New_MR_070.wav,2.218625,8000,1,2,17749
470,MR,anomalo,New_MR_071.wav,audios/New_MR_071.wav,2.226625,8000,1,2,17813
471,MR,anomalo,New_MR_072.wav,audios/New_MR_072.wav,2.2125,8000,1,2,17700
472,MR,anomalo,New_MR_073.wav,audios/New_MR_073.wav,2.22025,8000,1,2,17762
473,MR,anomalo,New_MR_074.wav,audios/New_MR_074.wav,2.168,8000,1,2,17344
474,MR,anomalo,New_MR_075.wav,audios/New_MR_075.wav,2.25375,8000,1,2,18030
475,MR,anomalo,New_MR_076.wav,audios/New_MR_076.wav,2.19625,8000,1,2,17570
476,MR,anomalo,New_MR_077.wav,audios/New_MR_077.wav,2.22025,8000,1,2,17762
477,MR,anomalo,New_MR_078.wav,audios/New_MR_078.wav,2.22925,8000,1,2,17834
478,MR,anomalo,New_MR_079.wav,audios/New_MR_079.wav,2.1825,8000,1,2,17460
479,MR,anomalo,New_MR_080.wav,audios/New_MR_080.wav,2.15425,8000,1,2,17234
480,MR,anomalo,New_MR_081.wav,audios/New_MR_081.wav,2.16025,8000,1,2,17282
481,MR,anomalo,New_MR_082.wav,audios/New_MR_082.wav,2.313625,8000,1,2,18509
482,MR,anomalo,New_MR_083.wav,audios/New_MR_083.wav,2.24875,8000,1,2,17990
483,MR,anomalo,New_MR_084.wav,audios/New_MR_084.wav,2.316,8000,1,2,18528
484,MR,anomalo,New_MR_085.wav,audios/New_MR_085.wav,2.32775,8000,1,2,18622
485,MR,anomalo,New_MR_086.wav,audios/New_MR_086.wav,2.310875,8000,1,2,18487
486,MR,anomalo,New_MR_087.wav,audios/New_MR_087.wav,2.326375,8000,1,2,18611
487,MR,anomalo,New_MR_088.wav,audios/New_MR_088.wav,3.034625,8000,1,2,24277
488,MR,anomalo,New_MR_089.wav,audios/New_MR_089.wav,2.93925,8000,1,2,23514
489,MR,anomalo,New_MR_090.wav,audios/New_MR_090.wav,2.99225,8000,1,2,23938
490,MR,anomalo,New_MR_091.wav,audios/New_MR_091.wav,2.93925,8000,1,2,23514
491,MR,anomalo,New_MR_092.wav,audios/New_MR_092.wav,2.989375,8000,1,2,23915
492,MR,anomalo,New_MR_093.wav,audios/New_MR_093.wav,2.936875,8000,1,2,23495
493,MR,anomalo,New_MR_094.wav,audios/New_MR_094.wav,3.005625,8000,1,2,24045
494,MR,anomalo,New_MR_095.wav,audios/New_MR_095.wav,2.942375,8000,1,2,23539
495,MR,anomalo,New_MR_096.wav,audios/New_MR_096.wav,2.9925,8000,1,2,23940
496,MR,anomalo,New_MR_097.wav,audios/New_MR_097.wav,2.961,8000,1,2,23688
497,MR,anomalo,New_MR_098.wav,audios/New_MR_098.wav,3.003125,8000,1,2,24025
498,MR,anomalo,New_MR_099.wav,audios/New_MR_099.wav,2.961125,8000,1,2,23689
499,MR,anomalo,New_MR_100.wav,audios/New_MR_100.wav,3.008,8000,1,2,24064
500,MR,anomalo,New_MR_101.wav,audios/New_MR_101.wav,2.965625,8000,1,2,23725
501,MR,anomalo,New_MR_102.wav,audios/New_MR_102.wav,2.21825,8000,1,2,17746
502,MR,anomalo,New_MR_103.wav,audios/New_MR_103.wav,2.21825,8000,1,2,17746
503,MR,anomalo,New_MR_104.wav,audios/New_MR_104.wav,2.226375,8000,1,2,17811
504,MR,anomalo,New_MR_105.wav,audios/New_MR_105.wav,2.210625,8000,1,2,17685
505,MR,anomalo,New_MR_106.wav,audios/New_MR_106.wav,2.20175,8000,1,2,17614
506,MR,anomalo,New_MR_107.wav,audios/New_MR_107.wav,2.217875,8000,1,2,17743
507,MR,anomalo,New_MR_108.wav,audios/New_MR_108.wav,2.210375,8000,1,2,17683
508,MR,anomalo,New_MR_109.wav,audios/New_MR_109.wav,2.1945,8000,1,2,17556
509,MR,anomalo,New_MR_110.wav,audios/New_MR_110.wav,2.203,8000,1,2,17624
510,MR,anomalo,New_MR_111.wav,audios/New_MR_111.wav,2.226375,8000,1,2,17811
511,MR,anomalo,New_MR_112.wav,audios/New_MR_112.wav,2.226375,8000,1,2,17811
512,MR,anomalo,New_MR_113.wav,audios/New_MR_113.wav,2.210625,8000,1,2,17685
513,MR,anomalo,New_MR_114.wav,audios/New_MR_114.wav,2.23375,8000,1,2,17870
514,MR,anomalo,New_MR_115.wav,audios/New_MR_115.wav,2.17075,8000,1,2,17366
515,MR,anomalo,New_MR_116.wav,audios/New_MR_116.wav,2.223625,8000,1,2,17789
516,MR,anomalo,New_MR_117.wav,audios/New_MR_117.wav,2.173875,8000,1,2,17391
517,MR,anomalo,New_MR_118.wav,audios/New_MR_118.wav,2.237125,8000,1,2,17897
518,MR,anomalo,New_MR_119.wav,audios/New_MR_119.wav,2.2215,8000,1,2,17772
519,MR,anomalo,New_MR_120.wav,audios/New_MR_120.wav,2.2155,8000,1,2,17724
520,MR,anomalo,New_MR_121.wav,audios/New_MR_121.wav,2.2155,8000,1,2,17724
521,MR,anomalo,New_MR_122.wav,audios/New_MR_122.wav,2.21775,8000,1,2,17742
522,MR,anomalo,New_MR_123.wav,audios/New_MR_123.wav,2.21,8000,1,2,17680
523,MR,anomalo,New_MR_124.wav,audios/New_MR_124.wav,2.167,8000,1,2,17336
524,MR,anomalo,New_MR_125.wav,audios/New_MR_125.wav,2.190375,8000,1,2,17523
525,MR,anomalo,New_MR_126.wav,audios/New_MR_126.wav,2.220375,8000,1,2,17763
526,MR,anomalo,New_MR_127.wav,audios/New_MR_127.wav,2.15775,8000,1,2,17262
527,MR,anomalo,New_MR_128.wav,audios/New_MR_128.wav,2.238,8000,1,2,17904
528,MR,anomalo,New_MR_129.wav,audios/New_MR_129.wav,2.168125,8000,1,2,17345
529,MR,anomalo,New_MR_130.wav,audios/New_MR_130.wav,2.213375,8000,1,2,17707
530,MR,anomalo,New_MR_131.wav,audios/New_MR_131.wav,2.18975,8000,1,2,17518
531,MR,anomalo,New_MR_132.wav,audios/New_MR_132.wav,2.243625,8000,1,2,17949
532,MR,anomalo,New_MR_133.wav,audios/New_MR_133.wav,2.174,8000,1,2,17392
533,MR,anomalo,New_MR_134.wav,audios/New_MR_134.wav,2.24175,8000,1,2,17934
534,MR,anomalo,New_MR_135.wav,audios/New_MR_135.wav,2.15725,8000,1,2,17258
535,MR,anomalo,New_MR_136.wav,audios/New_MR_136.wav,2.249375,8000,1,2,17995
536,MR,anomalo,New_MR_137.wav,audios/New_MR_137.wav,2.17075,8000,1,2,17366
537,MR,anomalo,New_MR_138.wav,audios/New_MR_138.wav,2.22,8000,1,2,17760
538,MR,anomalo,New_MR_139.wav,audios/New_MR_139.wav,2.065875,8000,1,2,16527
539,MR,anomalo,New_MR_140.wav,audios/New_MR_140.wav,2.240375,8000,1,2,17923
540,MR,anomalo,New_MR_141.wav,audios/New_MR_141.wav,2.22475,8000,1,2,17798
541,MR,anomalo,New_MR_142.wav,audios/New_MR_142.wav,2.218875,8000,1,2,17751
542,MR,anomalo,New_MR_143.wav,audios/New_MR_143.wav,2.187375,8000,1,2,17499
543,MR,anomalo,New_MR_144.wav,audios/New_MR_144.wav,2.2355,8000,1,2,17884
544,MR,anomalo,New_MR_145.wav,audios/New_MR_145.wav,2.196875,8000,1,2,17575
545,MR,anomalo,New_MR_146.wav,audios/New_MR_146.wav,2.206875,8000,1,2,17655
546,MR,anomalo,New_MR_147.wav,audios/New_MR_147.wav,2.207,8000,1,2,17656
547,MR,anomalo,New_MR_148.wav,audios/New_MR_148.wav,2.21325,8000,1,2,17706
548,MR,anomalo,New_MR_149.wav,audios/New_MR_149.wav,2.229375,8000,1,2,17835
549,MR,anomalo,New_MR_150.wav,audios/New_MR_150.wav,2.24575,8000,1,2,17966
550,MR,anomalo,New_MR_151.wav,audios/New_MR_151.wav,2.191375,8000,1,2,17531
551,MR,anomalo,New_MR_152.wav,audios/New_MR_152.wav,2.202125,8000,1,2,17617
552,MR,anomalo,New_MR_153.wav,audios/New_MR_153.wav,2.233625,8000,1,2,17869
553,MR,anomalo,New_MR_154.wav,audios/New_MR_154.wav,2.18075,8000,1,2,17446
554,MR,anomalo,New_MR_155.wav,audios/New_MR_155.wav,2.2285,8000,1,2,17828
555,MR,anomalo,New_MR_156.wav,audios/New_MR_156.wav,2.2445,8000,1,2,17956
556,MR,anomalo,New_MR_157.wav,audios/New_MR_157.wav,2.151625,8000,1,2,17213
557,MR,anomalo,New_MR_158.wav,audios/New_MR_158.wav,2.192625,8000,1,2,17541
558,MR,anomalo,New_MR_159.wav,audios/New_MR_159.wav,2.091875,8000,1,2,16735
559,MR,anomalo,New_MR_160.wav,audios/New_MR_160.wav,2.213875,8000,1,2,17711
560,MR,anomalo,New_MR_161.wav,audios/New_MR_161.wav,2.198,8000,1,2,17584
561,MR,anomalo,New_MR_162.wav,audios/New_MR_162.wav,2.19825,8000,1,2,17586
562,MR,anomalo,New_MR_163.wav,audios/New_MR_163.wav,2.221625,8000,1,2,17773
563,MR,anomalo,New_MR_164.wav,audios/New_MR_164.wav,2.240625,8000,1,2,17925
564,MR,anomalo,New_MR_165.wav,audios/New_MR_165.wav,2.27275,8000,1,2,18182
565,MR,anomalo,New_MR_166.wav,audios/New_MR_166.wav,2.220375,8000,1,2,17763
566,MR,anomalo,New_MR_167.wav,audios/New_MR_167.wav,2.136125,8000,1,2,17089
567,MR,anomalo,New_MR_168.wav,audios/New_MR_168.wav,2.213625,8000,1,2,17709
568,MR,anomalo,New_MR_169.wav,audios/New_MR_169.wav,2.120625,8000,1,2,16965
569,MR,anomalo,New_MR_170.wav,audios/New_MR_170.wav,2.17775,8000,1,2,17422
570,MR,anomalo,New_MR_171.wav,audios/New_MR_171.wav,2.1775,8000,1,2,17420
571,MR,anomalo,New_MR_172.wav,audios/New_MR_172.wav,2.229,8000,1,2,17832
572,MR,anomalo,New_MR_173.wav,audios/New_MR_173.wav,2.229,8000,1,2,17832
573,MR,anomalo,New_MR_174.wav,audios/New_MR_174.wav,2.19425,8000,1,2,17554
574,MR,anomalo,New_MR_175.wav,audios/New_MR_175.wav,2.202125,8000,1,2,17617
575,MR,anomalo,New_MR_176.wav,audios/New_MR_176.wav,2.198,8000,1,2,17584
576,MR,anomalo,New_MR_177.wav,audios/New_MR_177.wav,2.127875,8000,1,2,17023
577,MR,anomalo,New_MR_178.wav,audios/New_MR_178.wav,2.209375,8000,1,2,17675
578,MR,anomalo,New_MR_179.wav,audios/New_MR_179.wav,2.163125,8000,1,2,17305
579,MR,anomalo,New_MR_180.wav,audios/New_MR_180.wav,2.202125,8000,1,2,17617
580,MR,anomalo,New_MR_181.wav,audios/New_MR_181.wav,2.171,8000,1,2,17368
581,MR,anomalo,New_MR_182.wav,audios/New_MR_182.wav,2.2335,8000,1,2,17868
582,MR,anomalo,New_MR_183.wav,audios/New_MR_183.wav,2.1935,8000,1,2,17548
583,MR,anomalo,New_MR_184.wav,audios/New_MR_184.wav,2.22175,8000,1,2,17774
584,MR,anomalo,New_MR_185.wav,audios/New_MR_185.wav,2.198125,8000,1,2,17585
585,MR,anomalo,New_MR_186.wav,audios/New_MR_186.wav,2.550625,8000,1,2,20405
586,MR,anomalo,New_MR_187.wav,audios/New_MR_187.wav,2.52375,8000,1,2,20190
587,MR,anomalo,New_MR_188.wav,audios/New_MR_188.wav,2.546125,8000,1,2,20369
588,MR,anomalo,New_MR_189.wav,audios/New_MR_189.wav,2.466375,8000,1,2,19731
589,MR,anomalo,New_MR_190.wav,audios/New_MR_190.wav,2.532625,8000,1,2,20261
590,MR,anomalo,New_MR_191.wav,audios/New_MR_191.wav,2.514875,8000,1,2,20119
591,MR,anomalo,New_MR_192.wav,audios/New_MR_192.wav,2.53575,8000,1,2,20286
592,MR,anomalo,New_MR_193.wav,audios/New_MR_193.wav,2.500125,8000,1,2,20001
593,MR,anomalo,New_MR_194.wav,audios/New_MR_194.wav,2.241625,8000,1,2,17933
594,MR,anomalo,New_MR_195.wav,audios/New_MR_195.wav,2.225125,8000,1,2,17801
595,MR,anomalo,New_MR_196.wav,audios/New_MR_196.wav,2.222375,8000,1,2,17779
596,MR,anomalo,New_MR_197.wav,audios/New_MR_197.wav,2.198625,8000,1,2,17589
597,MR,anomalo,New_MR_198.wav,audios/New_MR_198.wav,2.2595,8000,1,2,18076
598,MR,anomalo,New_MR_199.wav,audios/New_MR_199.wav,2.219625,8000,1,2,17757
599,MR,anomalo,New_MR_200.wav,audios/New_MR_200.wav,2.2595,8000,1,2,18076
600,MS,anomalo,New_MS_001.wav,audios/New_MS_001.wav,2.95325,8000,1,2,23626
601,MS,anomalo,New_MS_002.wav,audios/New_MS_002.wav,2.88125,8000,1,2,23050
602,MS,anomalo,New_MS_003.wav,audios/New_MS_003.wav,2.947,8000,1,2,23576
603,MS,anomalo,New_MS_004.wav,audios/New_MS_004.wav,2.844625,8000,1,2,22757
604,MS,anomalo,New_MS_005.wav,audios/New_MS_005.wav,1.204375,8000,1,2,9635
605,MS,anomalo,New_MS_006.wav,audios/New_MS_006.wav,1.155625,8000,1,2,9245
606,MS,anomalo,New_MS_007.wav,audios/New_MS_007.wav,1.27275,8000,1,2,10182
607,MS,anomalo,New_MS_008.wav,audios/New_MS_008.wav,1.20625,8000,1,2,9650
608,MS,anomalo,New_MS_009.wav,audios/New_MS_009.wav,1.316125,8000,1,2,10529
609,MS,anomalo,New_MS_010.wav,audios/New_MS_010.wav,1.289,8000,1,2,10312
610,MS,anomalo,New_MS_011.wav,audios/New_MS_011.wav,1.465125,8000,1,2,11721
611,MS,anomalo,New_MS_012.wav,audios/New_MS_012.wav,1.34325,8000,1,2,10746
612,MS,anomalo,New_MS_013.wav,audios/New_MS_013.wav,1.197125,8000,1,2,9577
613,MS,anomalo,New_MS_014.wav,audios/New_MS_014.wav,1.214125,8000,1,2,9713
614,MS,anomalo,New_MS_015.wav,audios/New_MS_015.wav,2.901375,8000,1,2,23211
615,MS,anomalo,New_MS_016.wav,audios/New_MS_016.wav,3.201375,8000,1,2,25611
616,MS,anomalo,New_MS_017.wav,audios/New_MS_017.wav,2.273125,8000,1,2,18185
617,MS,anomalo,New_MS_018.wav,audios/New_MS_018.wav,2.254125,8000,1,2,18033
618,MS,anomalo,New_MS_019.wav,audios/New_MS_019.wav,2.28425,8000,1,2,18274
619,MS,anomalo,New_MS_020.wav,audios/New_MS_020.wav,2.2715,8000,1,2,18172
620,MS,anomalo,New_MS_021.wav,audios/New_MS_021.wav,2.07875,8000,1,2,16630
621,MS,anomalo,New_MS_022.wav,audios/New_MS_022.wav,2.0185,8000,1,2,16148
622,MS,anomalo,New_MS_023.wav,audios/New_MS_023.wav,2.0775,8000,1,2,16620
623,MS,anomalo,New_MS_024.wav,audios/New_MS_024.wav,2.042875,8000,1,2,16343
624,MS,anomalo,New_MS_025.wav,audios/New_MS_025.wav,2.035625,8000,1,2,16285
625,MS,anomalo,New_MS_026.wav,audios/New_MS_026.wav,2.032875,8000,1,2,16263
626,MS,anomalo,New_MS_027.wav,audios/New_MS_027.wav,2.0905,8000,1,2,16724
627,MS,anomalo,New_MS_028.wav,audios/New_MS_028.wav,2.0905,8000,1,2,16724
628,MS,anomalo,New_MS_029.wav,audios/New_MS_029.wav,2.06,8000,1,2,16480
629,MS,anomalo,New_MS_030.wav,audios/New_MS_030.wav,1.99725,8000,1,2,15978
630,MS,anomalo,New_MS_031.wav,audios/New_MS_031.wav,2.094875,8000,1,2,16759
631,MS,anomalo,New_MS_032.wav,audios/New_MS_032.wav,2.048625,8000,1,2,16389
632,MS,anomalo,New_MS_033.wav,audios/New_MS_033.wav,2.068375,8000,1,2,16547
633,MS,anomalo,New_MS_034.wav,audios/New_MS_034.wav,2.017125,8000,1,2,16137
634,MS,anomalo,New_MS_035.wav,audios/New_MS_035.wav,2.0905,8000,1,2,16724
635,MS,anomalo,New_MS_036.wav,audios/New_MS_036.wav,2.073125,8000,1,2,16585
636,MS,anomalo,New_MS_037.wav,audios/New_MS_037.wav,2.06875,8000,1,2,16550
637,MS,anomalo,New_MS_038.wav,audios/New_MS_038.wav,2.04575,8000,1,2,16366
638,MS,anomalo,New_MS_039.wav,audios/New_MS_039.wav,2.08275,8000,1,2,16662
639,MS,anomalo,New_MS_040.wav,audios/New_MS_040.wav,1.974375,8000,1,2,15795
640,MS,anomalo,New_MS_041.wav,audios/New_MS_041.wav,2.05725,8000,1,2,16458
641,MS,anomalo,New_MS_042.wav,audios/New_MS_042.wav,2.042875,8000,1,2,16343
642,MS,anomalo,New_MS_043.wav,audios/New_MS_043.wav,2.074625,8000,1,2,16597
643,MS,anomalo,New_MS_044.wav,audios/New_MS_044.wav,2.011125,8000,1,2,16089
644,MS,anomalo,New_MS_045.wav,audios/New_MS_045.wav,2.075875,8000,1,2,16607
645,MS,anomalo,New_MS_046.wav,audios/New_MS_046.wav,2.044375,8000,1,2,16355
646,MS,anomalo,New_MS_047.wav,audios/New_MS_047.wav,2.064375,8000,1,2,16515
647,MS,anomalo,New_MS_048.wav,audios/New_MS_048.wav,2.035375,8000,1,2,16283
648,MS,anomalo,New_MS_049.wav,audios/New_MS_049.wav,2.2725,8000,1,2,18180
649,MS,anomalo,New_MS_050.wav,audios/New_MS_050.wav,2.256625,8000,1,2,18053
650,MS,anomalo,New_MS_051.wav,audios/New_MS_051.wav,2.275,8000,1,2,18200
651,MS,anomalo,New_MS_052.wav,audios/New_MS_052.wav,2.265125,8000,1,2,18121
652,MS,anomalo,New_MS_053.wav,audios/New_MS_053.wav,2.4015,8000,1,2,19212
653,MS,anomalo,New_MS_054.wav,audios/New_MS_054.wav,2.425375,8000,1,2,19403
654,MS,anomalo,New_MS_055.wav,audios/New_MS_055.wav,2.400625,8000,1,2,19205
655,MS,anomalo,New_MS_056.wav,audios/New_MS_056.wav,2.404,8000,1,2,19232
656,MS,anomalo,New_MS_057.wav,audios/New_MS_057.wav,2.391875,8000,1,2,19135
657,MS,anomalo,New_MS_058.wav,audios/New_MS_058.wav,2.354875,8000,1,2,18839
658,MS,anomalo,New_MS_059.wav,audios/New_MS_059.wav,2.08775,8000,1,2,16702
659,MS,anomalo,New_MS_060.wav,audios/New_MS_060.wav,2.078875,8000,1,2,16631
660,MS,anomalo,New_MS_061.wav,audios/New_MS_061.wav,2.08225,8000,1,2,16658
661,MS,anomalo,New_MS_062.wav,audios/New_MS_062.wav,2.059125,8000,1,2,16473
662,MS,anomalo,New_MS_063.wav,audios/New_MS_063.wav,2.07075,8000,1,2,16566
663,MS,anomalo,New_MS_064.wav,audios/New_MS_064.wav,2.050375,8000,1,2,16403
664,MS,anomalo,New_MS_065.wav,audios/New_MS_065.wav,2.059125,8000,1,2,16473
665,MS,anomalo,New_MS_066.wav,audios/New_MS_066.wav,2.073625,8000,1,2,16589
666,MS,anomalo,New_MS_067.wav,audios/New_MS_067.wav,2.09075,8000,1,2,16726
667,MS,anomalo,New_MS_068.wav,audios/New_MS_068.wav,2.01325,8000,1,2,16106
668,MS,anomalo,New_MS_069.wav,audios/New_MS_069.wav,2.05425,8000,1,2,16434
669,MS,anomalo,New_MS_070.wav,audios/New_MS_070.wav,2.051375,8000,1,2,16411
670,MS,anomalo,New_MS_071.wav,audios/New_MS_071.wav,2.07975,8000,1,2,16638
671,MS,anomalo,New_MS_072.wav,audios/New_MS_072.wav,2.076875,8000,1,2,16615
672,MS,anomalo,New_MS_073.wav,audios/New_MS_073.wav,2.054375,8000,1,2,16435
673,MS,anomalo,New_MS_074.wav,audios/New_MS_074.wav,2.048625,8000,1,2,16389
674,MS,anomalo,New_MS_075.wav,audios/New_MS_075.wav,2.0785,8000,1,2,16628
675,MS,anomalo,New_MS_076.wav,audios/New_MS_076.wav,2.064125,8000,1,2,16513
676,MS,anomalo,New_MS_077.wav,audios/New_MS_077.wav,2.06125,8000,1,2,16490
677,MS,anomalo,New_MS_078.wav,audios/New_MS_078.wav,2.04975,8000,1,2,16398
678,MS,anomalo,New_MS_079.wav,audios/New_MS_079.wav,2.113875,8000,1,2,16911
679,MS,anomalo,New_MS_080.wav,audios/New_MS_080.wav,2.08175,8000,1,2,16654
680,MS,anomalo,New_MS_081.wav,audios/New_MS_081.wav,2.055875,8000,1,2,16447
681,MS,anomalo,New_MS_082.wav,audios/New_MS_082.wav,2.05025,8000,1,2,16402
682,MS,anomalo,New_MS_083.wav,audios/New_MS_083.wav,2.083625,8000,1,2,16669
683,MS,anomalo,New_MS_084.wav,audios/New_MS_084.wav,2.077875,8000,1,2,16623
684,MS,anomalo,New_MS_085.wav,audios/New_MS_085.wav,2.07275,8000,1,2,16582
685,MS,anomalo,New_MS_086.wav,audios/New_MS_086.wav,2.052625,8000,1,2,16421
686,MS,anomalo,New_MS_087.wav,audios/New_MS_087.wav,2.95825,8000,1,2,23666
687,MS,anomalo,New_MS_088.wav,audios/New_MS_088.wav,2.911,8000,1,2,23288
688,MS,anomalo,New_MS_089.wav,audios/New_MS_089.wav,3.172375,8000,1,2,25379
689,MS,anomalo,New_MS_090.wav,audios/New_MS_090.wav,2.414125,8000,1,2,19313
690,MS,anomalo,New_MS_091.wav,audios/New_MS_091.wav,2.42425,8000,1,2,19394
691,MS,anomalo,New_MS_092.wav,audios/New_MS_092.wav,2.434375,8000,1,2,19475
692,MS,anomalo,New_MS_093.wav,audios/New_MS_093.wav,2.431,8000,1,2,19448
693,MS,anomalo,New_MS_094.wav,audios/New_MS_094.wav,2.449375,8000,1,2,19595
694,MS,anomalo,New_MS_095.wav,audios/New_MS_095.wav,2.429,8000,1,2,19432
695,MS,anomalo,New_MS_096.wav,audios/New_MS_096.wav,2.42725,8000,1,2,19418
696,MS,anomalo,New_MS_097.wav,audios/New_MS_097.wav,2.400125,8000,1,2,19201
697,MS,anomalo,New_MS_098.wav,audios/New_MS_098.wav,2.4455,8000,1,2,19564
698,MS,anomalo,New_MS_099.wav,audios/New_MS_099.wav,2.43525,8000,1,2,19482
699,MS,anomalo,New_MS_100.wav,audios/New_MS_100.wav,2.434375,8000,1,2,19475
700,MS,anomalo,New_MS_101.wav,audios/New_MS_101.wav,2.427375,8000,1,2,19419
701,MS,anomalo,New_MS_102.wav,audios/New_MS_102.wav,2.424125,8000,1,2,19393
702,MS,anomalo,New_MS_103.wav,audios/New_MS_103.wav,2.42075,8000,1,2,19366
703,MS,anomalo,New_MS_104.wav,audios/New_MS_104.wav,2.435,8000,1,2,19480
704,MS,anomalo,New_MS_105.wav,audios/New_MS_105.wav,2.39125,8000,1,2,19130
705,MS,anomalo,New_MS_106.wav,audios/New_MS_106.wav,2.41825,8000,1,2,19346
706,MS,anomalo,New_MS_107.wav,audios/New_MS_107.wav,2.384625,8000,1,2,19077
707,MS,anomalo,New_MS_108.wav,audios/New_MS_108.wav,2.426375,8000,1,2,19411
708,MS,anomalo,New_MS_109.wav,audios/New_MS_109.wav,2.4195,8000,1,2,19356
709,MS,anomalo,New_MS_110.wav,audios/New_MS_110.wav,2.466125,8000,1,2,19729
710,MS,anomalo,New_MS_111.wav,audios/New_MS_111.wav,2.45575,8000,1,2,19646
711,MS,anomalo,New_MS_112.wav,audios/New_MS_112.wav,2.437625,8000,1,2,19501
712,MS,anomalo,New_MS_113.wav,audios/New_MS_113.wav,2.447875,8000,1,2,19583
713,MS,anomalo,New_MS_114.wav,audios/New_MS_114.wav,2.42025,8000,1,2,19362
714,MS,anomalo,New_MS_115.wav,audios/New_MS_115.wav,2.400125,8000,1,2,19201
715,MS,anomalo,New_MS_116.wav,audios/New_MS_116.wav,2.44325,8000,1,2,19546
716,MS,anomalo,New_MS_117.wav,audios/New_MS_117.wav,2.487875,8000,1,2,19903
717,MS,anomalo,New_MS_118.wav,audios/New_MS_118.wav,3.11375,8000,1,2,24910
718,MS,anomalo,New_MS_119.wav,audios/New_MS_119.wav,2.03675,8000,1,2,16294
719,MS,anomalo,New_MS_120.wav,audios/New_MS_120.wav,2.0,8000,1,2,16000
720,MS,anomalo,New_MS_121.wav,audios/New_MS_121.wav,2.1225,8000,1,2,16980
721,MS,anomalo,New_MS_122.wav,audios/New_MS_122.wav,2.0075,8000,1,2,16060
722,MS,anomalo,New_MS_123.wav,audios/New_MS_123.wav,2.11675,8000,1,2,16934
723,MS,anomalo,New_MS_124.wav,audios/New_MS_124.wav,1.97575,8000,1,2,15806
724,MS,anomalo,New_MS_125.wav,audios/New_MS_125.wav,3.088625,8000,1,2,24709
725,MS,anomalo,New_MS_126.wav,audios/New_MS_126.wav,2.974625,8000,1,2,23797
726,MS,anomalo,New_MS_127.wav,audios/New_MS_127.wav,3.0675,8000,1,2,24540
727,MS,anomalo,New_MS_128.wav,audios/New_MS_128.wav,2.907125,8000,1,2,23257
728,MS,anomalo,New_MS_129.wav,audios/New_MS_129.wav,2.991,8000,1,2,23928
729,MS,anomalo,New_MS_130.wav,audios/New_MS_130.wav,2.839625,8000,1,2,22717
730,MS,anomalo,New_MS_131.wav,audios/New_MS_131.wav,2.978,8000,1,2,23824
731,MS,anomalo,New_MS_132.wav,audios/New_MS_132.wav,2.875375,8000,1,2,23003
732,MS,anomalo,New_MS_133.wav,audios/New_MS_133.wav,2.98575,8000,1,2,23886
733,MS,anomalo,New_MS_134.wav,audios/New_MS_134.wav,3.007,8000,1,2,24056
734,MS,anomalo,New_MS_135.wav,audios/New_MS_135.wav,2.978,8000,1,2,23824
735,MS,anomalo,New_MS_136.wav,audios/New_MS_136.wav,2.826125,8000,1,2,22609
736,MS,anomalo,New_MS_137.wav,audios/New_MS_137.wav,2.996,8000,1,2,23968
737,MS,anomalo,New_MS_138.wav,audios/New_MS_138.wav,2.8905,8000,1,2,23124
738,MS,anomalo,New_MS_139.wav,audios/New_MS_139.wav,2.996,8000,1,2,23968
739,MS,anomalo,New_MS_140.wav,audios/New_MS_140.wav,2.87825,8000,1,2,23026
740,MS,anomalo,New_MS_141.wav,audios/New_MS_141.wav,2.953875,8000,1,2,23631
741,MS,anomalo,New_MS_142.wav,audios/New_MS_142.wav,2.92025,8000,1,2,23362
742,MS,anomalo,New_MS_143.wav,audios/New_MS_143.wav,2.98625,8000,1,2,23890
743,MS,anomalo,New_MS_144.wav,audios/New_MS_144.wav,2.838375,8000,1,2,22707
744,MS,anomalo,New_MS_145.wav,audios/New_MS_145.wav,2.993125,8000,1,2,23945
745,MS,anomalo,New_MS_146.wav,audios/New_MS_146.wav,2.972125,8000,1,2,23777
746,MS,anomalo,New_MS_147.wav,audios/New_MS_147.wav,3.00275,8000,1,2,24022
747,MS,anomalo,New_MS_148.wav,audios/New_MS_148.wav,2.8795,8000,1,2,23036
748,MS,anomalo,New_MS_149.wav,audios/New_MS_149.wav,3.002625,8000,1,2,24021
749,MS,anomalo,New_MS_150.wav,audios/New_MS_150.wav,2.813625,8000,1,2,22509
750,MS,anomalo,New_MS_151.wav,audios/New_MS_151.wav,2.9815,8000,1,2,23852
751,MS,anomalo,New_MS_152.wav,audios/New_MS_152.wav,2.911125,8000,1,2,23289
752,MS,anomalo,New_MS_153.wav,audios/New_MS_153.wav,3.007,8000,1,2,24056
753,MS,anomalo,New_MS_154.wav,audios/New_MS_154.wav,2.968875,8000,1,2,23751
754,MS,anomalo,New_MS_155.wav,audios/New_MS_155.wav,3.009875,8000,1,2,24079
755,MS,anomalo,New_MS_156.wav,audios/New_MS_156.wav,2.918,8000,1,2,23344
756,MS,anomalo,New_MS_157.wav,audios/New_MS_157.wav,3.0105,8000,1,2,24084
757,MS,anomalo,New_MS_158.wav,audios/New_MS_158.wav,2.911125,8000,1,2,23289
758,MS,anomalo,New_MS_159.wav,audios/New_MS_159.wav,3.01475,8000,1,2,24118
759,MS,anomalo,New_MS_160.wav,audios/New_MS_160.wav,2.88225,8000,1,2,23058
760,MS,anomalo,New_MS_161.wav,audios/New_MS_161.wav,2.986125,8000,1,2,23889
761,MS,anomalo,New_MS_162.wav,audios/New_MS_162.wav,2.89175,8000,1,2,23134
762,MS,anomalo,New_MS_163.wav,audios/New_MS_163.wav,3.0065,8000,1,2,24052
763,MS,anomalo,New_MS_164.wav,audios/New_MS_164.wav,2.8905,8000,1,2,23124
764,MS,anomalo,New_MS_165.wav,audios/New_MS_165.wav,2.97825,8000,1,2,23826
765,MS,anomalo,New_MS_166.wav,audios/New_MS_166.wav,2.819375,8000,1,2,22555
766,MS,anomalo,New_MS_167.wav,audios/New_MS_167.wav,2.974375,8000,1,2,23795
767,MS,anomalo,New_MS_168.wav,audios/New_MS_168.wav,2.8355,8000,1,2,22684
768,MS,anomalo,New_MS_169.wav,audios/New_MS_169.wav,2.912625,8000,1,2,23301
769,MS,anomalo,New_MS_170.wav,audios/New_MS_170.wav,2.8255,8000,1,2,22604
770,MS,anomalo,New_MS_171.wav,audios/New_MS_171.wav,2.80525,8000,1,2,22442
771,MS,anomalo,New_MS_172.wav,audios/New_MS_172.wav,2.4155,8000,1,2,19324
772,MS,anomalo,New_MS_173.wav,audios/New_MS_173.wav,2.38875,8000,1,2,19110
773,MS,anomalo,New_MS_174.wav,audios/New_MS_174.wav,2.411875,8000,1,2,19295
774,MS,anomalo,New_MS_175.wav,audios/New_MS_175.wav,2.3985,8000,1,2,19188
775,MS,anomalo,New_MS_176.wav,audios/New_MS_176.wav,2.404875,8000,1,2,19239
776,MS,anomalo,New_MS_177.wav,audios/New_MS_177.wav,2.37825,8000,1,2,19026
777,MS,anomalo,New_MS_178.wav,audios/New_MS_178.wav,2.41275,8000,1,2,19302
778,MS,anomalo,New_MS_179.wav,audios/New_MS_179.wav,2.386125,8000,1,2,19089
779,MS,anomalo,New_MS_180.wav,audios/New_MS_180.wav,2.136,8000,1,2,17088
780,MS,anomalo,New_MS_181.wav,audios/New_MS_181.wav,2.0205,8000,1,2,16164
781,MS,anomalo,New_MS_182.wav,audios/New_MS_182.wav,2.049375,8000,1,2,16395
782,MS,anomalo,New_MS_183.wav,audios/New_MS_183.wav,2.05525,8000,1,2,16442
783,MS,anomalo,New_MS_184.wav,audios/New_MS_184.wav,2.08875,8000,1,2,16710
784,MS,anomalo,New_MS_185.wav,audios/New_MS_185.wav,2.06775,8000,1,2,16542
785,MS,anomalo,New_MS_186.wav,audios/New_MS_186.wav,2.0725,8000,1,2,16580
786,MS,anomalo,New_MS_187.wav,audios/New_MS_187.wav,2.0175,8000,1,2,16140
787,MS,anomalo,New_MS_188.wav,audios/New_MS_188.wav,2.095625,8000,1,2,16765
788,MS,anomalo,New_MS_189.wav,audios/New_MS_189.wav,2.0665,8000,1,2,16532
789,MS,anomalo,New_MS_190.wav,audios/New_MS_190.wav,2.07825,8000,1,2,16626
790,MS,anomalo,New_MS_191.wav,audios/New_MS_191.wav,1.997875,8000,1,2,15983
791,MS,anomalo,New_MS_192.wav,audios/New_MS_192.wav,2.08975,8000,1,2,16718
792,MS,anomalo,New_MS_193.wav,audios/New_MS_193.wav,2.015125,8000,1,2,16121
793,MS,anomalo,New_MS_194.wav,audios/New_MS_194.wav,2.018375,8000,1,2,16147
794,MS,anomalo,New_MS_195.wav,audios/New_MS_195.wav,2.004,8000,1,2,16032
795,MS,anomalo,New_MS_196.wav,audios/New_MS_196.wav,2.103875,8000,1,2,16831
796,MS,anomalo,New_MS_197.wav,audios/New_MS_197.wav,2.009125,8000,1,2,16073
797,MS,anomalo,New_MS_198.wav,audios/New_MS_198.wav,2.067375,8000,1,2,16539
798,MS,anomalo,New_MS_199.wav,audios/New_MS_199.wav,2.060125,8000,1,2,16481
799,MS,anomalo,New_MS_200.wav,audios/New_MS_200.wav,2.102125,8000,1,2,16817
800,MVP,anomalo,New_MVP_001.wav,audios/New_MVP_001.wav,2.788875,8000,1,2,22311
801,MVP,anomalo,New_MVP_002.wav,audios/New_MVP_002.wav,3.975125,8000,1,2,31801
802,MVP,anomalo,New_MVP_003.wav,audios/New_MVP_003.wav,3.992875,8000,1,2,31943
803,MVP,anomalo,New_MVP_004.wav,audios/New_MVP_004.wav,2.558,8000,1,2,20464
804,MVP,anomalo,New_MVP_005.wav,audios/New_MVP_005.wav,2.550625,8000,1,2,20405
805,MVP,anomalo,New_MVP_006.wav,audios/New_MVP_006.wav,2.558125,8000,1,2,20465
806,MVP,anomalo,New_MVP_007.wav,audios/New_MVP_007.wav,2.550375,8000,1,2,20403
807,MVP,anomalo,New_MVP_008.wav,audios/New_MVP_008.wav,2.589,8000,1,2,20712
808,MVP,anomalo,New_MVP_009.wav,audios/New_MVP_009.wav,2.550125,8000,1,2,20401
809,MVP,anomalo,New_MVP_010.wav,audios/New_MVP_010.wav,2.559,8000,1,2,20472
810,MVP,anomalo,New_MVP_011.wav,audios/New_MVP_011.wav,2.547125,8000,1,2,20377
811,MVP,anomalo,New_MVP_012.wav,audios/New_MVP_012.wav,2.58425,8000,1,2,20674
812,MVP,anomalo,New_MVP_013.wav,audios/New_MVP_013.wav,2.54475,8000,1,2,20358
813,MVP,anomalo,New_MVP_014.wav,audios/New_MVP_014.wav,2.5905,8000,1,2,20724
814,MVP,anomalo,New_MVP_015.wav,audios/New_MVP_015.wav,2.5565,8000,1,2,20452
815,MVP,anomalo,New_MVP_016.wav,audios/New_MVP_016.wav,2.580625,8000,1,2,20645
816,MVP,anomalo,New_MVP_017.wav,audios/New_MVP_017.wav,2.5575,8000,1,2,20460
817,MVP,anomalo,New_MVP_018.wav,audios/New_MVP_018.wav,2.554625,8000,1,2,20437
818,MVP,anomalo,New_MVP_019.wav,audios/New_MVP_019.wav,2.5475,8000,1,2,20380
819,MVP,anomalo,New_MVP_020.wav,audios/New_MVP_020.wav,2.578375,8000,1,2,20627
820,MVP,anomalo,New_MVP_021.wav,audios/New_MVP_021.wav,2.55025,8000,1,2,20402
821,MVP,anomalo,New_MVP_022.wav,audios/New_MVP_022.wav,2.551375,8000,1,2,20411
822,MVP,anomalo,New_MVP_023.wav,audios/New_MVP_023.wav,2.550625,8000,1,2,20405
823,MVP,anomalo,New_MVP_024.wav,audios/New_MVP_024.wav,2.559875,8000,1,2,20479
824,MVP,anomalo,New_MVP_025.wav,audios/New_MVP_025.wav,2.555125,8000,1,2,20441
825,MVP,anomalo,New_MVP_026.wav,audios/New_MVP_026.wav,2.59125,8000,1,2,20730
826,MVP,anomalo,New_MVP_027.wav,audios/New_MVP_027.wav,2.5545,8000,1,2,20436
827,MVP,anomalo,New_MVP_028.wav,audios/New_MVP_028.wav,2.5625,8000,1,2,20500
828,MVP,anomalo,New_MVP_029.wav,audios/New_MVP_029.wav,2.55,8000,1,2,20400
829,MVP,anomalo,New_MVP_030.wav,audios/New_MVP_030.wav,2.689625,8000,1,2,21517
830,MVP,anomalo,New_MVP_031.wav,audios/New_MVP_031.wav,2.676875,8000,1,2,21415
831,MVP,anomalo,New_MVP_032.wav,audios/New_MVP_032.wav,2.6845,8000,1,2,21476
832,MVP,anomalo,New_MVP_033.wav,audios/New_MVP_033.wav,2.67775,8000,1,2,21422
833,MVP,anomalo,New_MVP_034.wav,audios/New_MVP_034.wav,2.701375,8000,1,2,21611
834,MVP,anomalo,New_MVP_035.wav,audios/New_MVP_035.wav,2.682375,8000,1,2,21459
835,MVP,anomalo,New_MVP_036.wav,audios/New_MVP_036.wav,2.680875,8000,1,2,21447
836,MVP,anomalo,New_MVP_037.wav,audios/New_MVP_037.wav,2.685,8000,1,2,21480
837,MVP,anomalo,New_MVP_038.wav,audios/New_MVP_038.wav,2.686625,8000,1,2,21493
838,MVP,anomalo,New_MVP_039.wav,audios/New_MVP_039.wav,2.684625,8000,1,2,21477
839,MVP,anomalo,New_MVP_040.wav,audios/New_MVP_040.wav,2.69725,8000,1,2,21578
840,MVP,anomalo,New_MVP_041.wav,audios/New_MVP_041.wav,2.685375,8000,1,2,21483
841,MVP,anomalo,New_MVP_042.wav,audios/New_MVP_042.wav,2.698375,8000,1,2,21587
842,MVP,anomalo,New_MVP_043.wav,audios/New_MVP_043.wav,2.68775,8000,1,2,21502
843,MVP,anomalo,New_MVP_044.wav,audios/New_MVP_044.wav,2.693625,8000,1,2,21549
844,MVP,anomalo,New_MVP_045.wav,audios/New_MVP_045.wav,2.679875,8000,1,2,21439
845,MVP,anomalo,New_MVP_046.wav,audios/New_MVP_046.wav,2.752875,8000,1,2,22023
846,MVP,anomalo,New_MVP_047.wav,audios/New_MVP_047.wav,2.6765,8000,1,2,21412
847,MVP,anomalo,New_MVP_048.wav,audios/New_MVP_048.wav,2.698,8000,1,2,21584
848,MVP,anomalo,New_MVP_049.wav,audios/New_MVP_049.wav,2.685125,8000,1,2,21481
849,MVP,anomalo,New_MVP_050.wav,audios/New_MVP_050.wav,2.70625,8000,1,2,21650
850,MVP,anomalo,New_MVP_051.wav,audios/New_MVP_051.wav,2.68525,8000,1,2,21482
851,MVP,anomalo,New_MVP_052.wav,audios/New_MVP_052.wav,2.679625,8000,1,2,21437
852,MVP,anomalo,New_MVP_053.wav,audios/New_MVP_053.wav,2.683375,8000,1,2,21467
853,MVP,anomalo,New_MVP_054.wav,audios/New_MVP_054.wav,2.6955,8000,1,2,21564
854,MVP,anomalo,New_MVP_055.wav,audios/New_MVP_055.wav,2.692125,8000,1,2,21537
855,MVP,anomalo,New_MVP_056.wav,audios/New_MVP_056.wav,2.68075,8000,1,2,21446
856,MVP,anomalo,New_MVP_057.wav,audios/New_MVP_057.wav,2.685,8000,1,2,21480
857,MVP,anomalo,New_MVP_058.wav,audios/New_MVP_058.wav,2.743,8000,1,2,21944
858,MVP,anomalo,New_MVP_059.wav,audios/New_MVP_059.wav,2.68675,8000,1,2,21494
859,MVP,anomalo,New_MVP_060.wav,audios/New_MVP_060.wav,2.700125,8000,1,2,21601
860,MVP,anomalo,New_MVP_061.wav,audios/New_MVP_061.wav,2.6815,8000,1,2,21452
861,MVP,anomalo,New_MVP_062.wav,audios/New_MVP_062.wav,2.70275,8000,1,2,21622
862,MVP,anomalo,New_MVP_063.wav,audios/New_MVP_063.wav,2.680125,8000,1,2,21441
863,MVP,anomalo,New_MVP_064.wav,audios/New_MVP_064.wav,2.68725,8000,1,2,21498
864,MVP,anomalo,New_MVP_065.wav,audios/New_MVP_065.wav,2.685875,8000,1,2,21487
865,MVP,anomalo,New_MVP_066.wav,audios/New_MVP_066.wav,2.68575,8000,1,2,21486
866,MVP,anomalo,New_MVP_067.wav,audios/New_MVP_067.wav,2.6805,8000,1,2,21444
867,MVP,anomalo,New_MVP_068.wav,audios/New_MVP_068.wav,2.7125,8000,1,2,21700
868,MVP,anomalo,New_MVP_069.wav,audios/New_MVP_069.wav,2.686625,8000,1,2,21493
869,MVP,anomalo,New_MVP_070.wav,audios/New_MVP_070.wav,2.72675,8000,1,2,21814
870,MVP,anomalo,New_MVP_071.wav,audios/New_MVP_071.wav,2.689625,8000,1,2,21517
871,MVP,anomalo,New_MVP_072.wav,audios/New_MVP_072.wav,2.691375,8000,1,2,21531
872,MVP,anomalo,New_MVP_073.wav,audios/New_MVP_073.wav,2.684,8000,1,2,21472
873,MVP,anomalo,New_MVP_074.wav,audios/New_MVP_074.wav,2.711625,8000,1,2,21693
874,MVP,anomalo,New_MVP_075.wav,audios/New_MVP_075.wav,2.68,8000,1,2,21440
875,MVP,anomalo,New_MVP_076.wav,audios/New_MVP_076.wav,2.706375,8000,1,2,21651
876,MVP,anomalo,New_MVP_077.wav,audios/New_MVP_077.wav,2.681,8000,1,2,21448
877,MVP,anomalo,New_MVP_078.wav,audios/New_MVP_078.wav,2.701,8000,1,2,21608
878,MVP,anomalo,New_MVP_079.wav,audios/New_MVP_079.wav,2.683125,8000,1,2,21465
879,MVP,anomalo,New_MVP_080.wav,audios/New_MVP_080.wav,2.702,8000,1,2,21616
880,MVP,anomalo,New_MVP_081.wav,audios/New_MVP_081.wav,2.683125,8000,1,2,21465
881,MVP,anomalo,New_MVP_082.wav,audios/New_MVP_082.wav,2.696,8000,1,2,21568
882,MVP,anomalo,New_MVP_083.wav,audios/New_MVP_083.wav,2.681,8000,1,2,21448
883,MVP,anomalo,New_MVP_084.wav,audios/New_MVP_084.wav,2.69925,8000,1,2,21594
884,MVP,anomalo,New_MVP_085.wav,audios/New_MVP_085.wav,2.68125,8000,1,2,21450
885,MVP,anomalo,New_MVP_086.wav,audios/New_MVP_086.wav,2.682,8000,1,2,21456
886,MVP,anomalo,New_MVP_087.wav,audios/New_MVP_087.wav,2.674125,8000,1,2,21393
887,MVP,anomalo,New_MVP_088.wav,audios/New_MVP_088.wav,2.7035,8000,1,2,21628
888,MVP,anomalo,New_MVP_089.wav,audios/New_MVP_089.wav,2.683125,8000,1,2,21465
889,MVP,anomalo,New_MVP_090.wav,audios/New_MVP_090.wav,2.7125,8000,1,2,21700
890,MVP,anomalo,New_MVP_091.wav,audios/New_MVP_091.wav,2.68775,8000,1,2,21502
891,MVP,anomalo,New_MVP_092.wav,audios/New_MVP_092.wav,2.74175,8000,1,2,21934
892,MVP,anomalo,New_MVP_093.wav,audios/New_MVP_093.wav,2.68525,8000,1,2,21482
893,MVP,anomalo,New_MVP_094.wav,audios/New_MVP_094.wav,2.708625,8000,1,2,21669
894,MVP,anomalo,New_MVP_095.wav,audios/New_MVP_095.wav,2.685625,8000,1,2,21485
895,MVP,anomalo,New_MVP_096.wav,audios/New_MVP_096.wav,2.678375,8000,1,2,21427
896,MVP,anomalo,New_MVP_097.wav,audios/New_MVP_097.wav,2.680625,8000,1,2,21445
897,MVP,anomalo,New_MVP_098.wav,audios/New_MVP_098.wav,1.742,8000,1,2,13936
898,MVP,anomalo,New_MVP_099.wav,audios/New_MVP_099.wav,1.7275,8000,1,2,13820
899,MVP,anomalo,New_MVP_100.wav,audios/New_MVP_100.wav,1.775625,8000,1,2,14205
900,MVP,anomalo,New_MVP_101.wav,audios/New_MVP_101.wav,1.7925,8000,1,2,14340
901,MVP,anomalo,New_MVP_102.wav,audios/New_MVP_102.wav,1.938375,8000,1,2,15507
902,MVP,anomalo,New_MVP_103.wav,audios/New_MVP_103.wav,1.95375,8000,1,2,15630
903,MVP,anomalo,New_MVP_104.wav,audios/New_MVP_104.wav,2.484375,8000,1,2,19875
904,MVP,anomalo,New_MVP_105.wav,audios/New_MVP_105.wav,2.338625,8000,1,2,18709
905,MVP,anomalo,New_MVP_106.wav,audios/New_MVP_106.wav,2.718875,8000,1,2,21751
906,MVP,anomalo,New_MVP_107.wav,audios/New_MVP_107.wav,2.92275,8000,1,2,23382
907,MVP,anomalo,New_MVP_108.wav,audios/New_MVP_108.wav,2.8455,8000,1,2,22764
908,MVP,anomalo,New_MVP_109.wav,audios/New_MVP_109.wav,2.4745,8000,1,2,19796
909,MVP,anomalo,New_MVP_110.wav,audios/New_MVP_110.wav,2.473,8000,1,2,19784
910,MVP,anomalo,New_MVP_111.wav,audios/New_MVP_111.wav,2.915875,8000,1,2,23327
911,MVP,anomalo,New_MVP_112.wav,audios/New_MVP_112.wav,2.929625,8000,1,2,23437
912,MVP,anomalo,New_MVP_113.wav,audios/New_MVP_113.wav,2.929,8000,1,2,23432
913,MVP,anomalo,New_MVP_114.wav,audios/New_MVP_114.wav,2.930375,8000,1,2,23443
914,MVP,anomalo,New_MVP_115.wav,audios/New_MVP_115.wav,2.981,8000,1,2,23848
915,MVP,anomalo,New_MVP_116.wav,audios/New_MVP_116.wav,2.930125,8000,1,2,23441
916,MVP,anomalo,New_MVP_117.wav,audios/New_MVP_117.wav,2.958,8000,1,2,23664
917,MVP,anomalo,New_MVP_118.wav,audios/New_MVP_118.wav,2.915375,8000,1,2,23323
918,MVP,anomalo,New_MVP_119.wav,audios/New_MVP_119.wav,2.94625,8000,1,2,23570
919,MVP,anomalo,New_MVP_120.wav,audios/New_MVP_120.wav,2.9305,8000,1,2,23444
920,MVP,anomalo,New_MVP_121.wav,audios/New_MVP_121.wav,2.93025,8000,1,2,23442
921,MVP,anomalo,New_MVP_122.wav,audios/New_MVP_122.wav,2.937625,8000,1,2,23501
922,MVP,anomalo,New_MVP_123.wav,audios/New_MVP_123.wav,2.049,8000,1,2,16392
923,MVP,anomalo,New_MVP_124.wav,audios/New_MVP_124.wav,2.014625,8000,1,2,16117
924,MVP,anomalo,New_MVP_125.wav,audios/New_MVP_125.wav,2.051125,8000,1,2,16409
925,MVP,anomalo,New_MVP_126.wav,audios/New_MVP_126.wav,2.0555,8000,1,2,16444
926,MVP,anomalo,New_MVP_127.wav,audios/New_MVP_127.wav,2.107375,8000,1,2,16859
927,MVP,anomalo,New_MVP_128.wav,audios/New_MVP_128.wav,2.013125,8000,1,2,16105
928,MVP,anomalo,New_MVP_129.wav,audios/New_MVP_129.wav,2.053375,8000,1,2,16427
929,MVP,anomalo,New_MVP_130.wav,audios/New_MVP_130.wav,2.14825,8000,1,2,17186
930,MVP,anomalo,New_MVP_131.wav,audios/New_MVP_131.wav,2.030125,8000,1,2,16241
931,MVP,anomalo,New_MVP_132.wav,audios/New_MVP_132.wav,2.035375,8000,1,2,16283
932,MVP,anomalo,New_MVP_133.wav,audios/New_MVP_133.wav,2.038125,8000,1,2,16305
933,MVP,anomalo,New_MVP_134.wav,audios/New_MVP_134.wav,1.959875,8000,1,2,15679
934,MVP,anomalo,New_MVP_135.wav,audios/New_MVP_135.wav,2.201625,8000,1,2,17613
935,MVP,anomalo,New_MVP_136.wav,audios/New_MVP_136.wav,2.06925,8000,1,2,16554
936,MVP,anomalo,New_MVP_137.wav,audios/New_MVP_137.wav,1.85525,8000,1,2,14842
937,MVP,anomalo,New_MVP_138.wav,audios/New_MVP_138.wav,1.855625,8000,1,2,14845
938,MVP,anomalo,New_MVP_139.wav,audios/New_MVP_139.wav,2.06175,8000,1,2,16494
939,MVP,anomalo,New_MVP_140.wav,audios/New_MVP_140.wav,2.010625,8000,1,2,16085
940,MVP,anomalo,New_MVP_141.wav,audios/New_MVP_141.wav,2.095,8000,1,2,16760
941,MVP,anomalo,New_MVP_142.wav,audios/New_MVP_142.wav,2.0995,8000,1,2,16796
942,MVP,anomalo,New_MVP_143.wav,audios/New_MVP_143.wav,2.065625,8000,1,2,16525
943,MVP,anomalo,New_MVP_144.wav,audios/New_MVP_144.wav,2.011375,8000,1,2,16091
944,MVP,anomalo,New_MVP_145.wav,audios/New_MVP_145.wav,2.163125,8000,1,2,17305
945,MVP,anomalo,New_MVP_146.wav,audios/New_MVP_146.wav,2.045125,8000,1,2,16361
946,MVP,anomalo,New_MVP_147.wav,audios/New_MVP_147.wav,2.024625,8000,1,2,16197
947,MVP,anomalo,New_MVP_148.wav,audios/New_MVP_148.wav,2.035375,8000,1,2,16283
948,MVP,anomalo,New_MVP_149.wav,audios/New_MVP_149.wav,1.99075,8000,1,2,15926
949,MVP,anomalo,New_MVP_150.wav,audios/New_MVP_150.wav,2.075125,8000,1,2,16601
950,MVP,anomalo,New_MVP_151.wav,audios/New_MVP_151.wav,2.080375,8000,1,2,16643
951,MVP,anomalo,New_MVP_152.wav,audios/New_MVP_152.wav,1.99025,8000,1,2,15922
952,MVP,anomalo,New_MVP_153.wav,audios/New_MVP_153.wav,2.115375,8000,1,2,16923
953,MVP,anomalo,New_MVP_154.wav,audios/New_MVP_154.wav,2.017625,8000,1,2,16141
954,MVP,anomalo,New_MVP_155.wav,audios/New_MVP_155.wav,1.954,8000,1,2,15632
955,MVP,anomalo,New_MVP_156.wav,audios/New_MVP_156.wav,2.0455,8000,1,2,16364
956,MVP,anomalo,New_MVP_157.wav,audios/New_MVP_157.wav,2.13875,8000,1,2,17110
957,MVP,anomalo,New_MVP_158.wav,audios/New_MVP_158.wav,2.174625,8000,1,2,17397
958,MVP,anomalo,New_MVP_159.wav,audios/New_MVP_159.wav,2.0315,8000,1,2,16252
959,MVP,anomalo,New_MVP_160.wav,audios/New_MVP_160.wav,2.059875,8000,1,2,16479
960,MVP,anomalo,New_MVP_161.wav,audios/New_MVP_161.wav,2.0835,8000,1,2,16668
961,MVP,anomalo,New_MVP_162.wav,audios/New_MVP_162.wav,2.04425,8000,1,2,16354
962,MVP,anomalo,New_MVP_163.wav,audios/New_MVP_163.wav,2.04125,8000,1,2,16330
963,MVP,anomalo,New_MVP_164.wav,audios/New_MVP_164.wav,2.060625,8000,1,2,16485
964,MVP,anomalo,New_MVP_165.wav,audios/New_MVP_165.wav,2.10075,8000,1,2,16806
965,MVP,anomalo,New_MVP_166.wav,audios/New_MVP_166.wav,2.065375,8000,1,2,16523
966,MVP,anomalo,New_MVP_167.wav,audios/New_MVP_167.wav,1.99425,8000,1,2,15954
967,MVP,anomalo,New_MVP_168.wav,audios/New_MVP_168.wav,2.156875,8000,1,2,17255
968,MVP,anomalo,New_MVP_169.wav,audios/New_MVP_169.wav,2.035125,8000,1,2,16281
969,MVP,anomalo,New_MVP_170.wav,audios/New_MVP_170.wav,2.017125,8000,1,2,16137
970,MVP,anomalo,New_MVP_171.wav,audios/New_MVP_171.wav,2.056625,8000,1,2,16453
971,MVP,anomalo,New_MVP_172.wav,audios/New_MVP_172.wav,1.9745,8000,1,2,15796
972,MVP,anomalo,New_MVP_173.wav,audios/New_MVP_173.wav,2.19525,8000,1,2,17562
973,MVP,anomalo,New_MVP_174.wav,audios/New_MVP_174.wav,2.058375,8000,1,2,16467
974,MVP,anomalo,New_MVP_175.wav,audios/New_MVP_175.wav,2.914875,8000,1,2,23319
975,MVP,anomalo,New_MVP_176.wav,audios/New_MVP_176.wav,2.387625,8000,1,2,19101
976,MVP,anomalo,New_MVP_177.wav,audios/New_MVP_177.wav,2.548625,8000,1,2,20389
977,MVP,anomalo,New_MVP_178.wav,audios/New_MVP_178.wav,2.5115,8000,1,2,20092
978,MVP,anomalo,New_MVP_179.wav,audios/New_MVP_179.wav,2.5135,8000,1,2,20108
979,MVP,anomalo,New_MVP_180.wav,audios/New_MVP_180.wav,2.515,8000,1,2,20120
980,MVP,anomalo,New_MVP_181.wav,audios/New_MVP_181.wav,2.537,8000,1,2,20296
981,MVP,anomalo,New_MVP_182.wav,audios/New_MVP_182.wav,2.50775,8000,1,2,20062
982,MVP,anomalo,New_MVP_183.wav,audios/New_MVP_183.wav,2.4685,8000,1,2,19748
983,MVP,anomalo,New_MVP_184.wav,audios/New_MVP_184.wav,2.46475,8000,1,2,19718
984,MVP,anomalo,New_MVP_185.wav,audios/New_MVP_185.wav,2.916,8000,1,2,23328
985,MVP,anomalo,New_MVP_186.wav,audios/New_MVP_186.wav,2.388125,8000,1,2,19105
986,MVP,anomalo,New_MVP_187.wav,audios/New_MVP_187.wav,2.909875,8000,1,2,23279
987,MVP,anomalo,New_MVP_188.wav,audios/New_MVP_188.wav,2.387125,8000,1,2,19097
988,MVP,anomalo,New_MVP_189.wav,audios/New_MVP_189.wav,2.67025,8000,1,2,21362
989,MVP,anomalo,New_MVP_190.wav,audios/New_MVP_190.wav,2.67025,8000,1,2,21362
990,MVP,anomalo,New_MVP_191.wav,audios/New_MVP_191.wav,1.726375,8000,1,2,13811
991,MVP,anomalo,New_MVP_192.wav,audios/New_MVP_192.wav,1.763625,8000,1,2,14109
992,MVP,anomalo,New_MVP_193.wav,audios/New_MVP_193.wav,1.79075,8000,1,2,14326
993,MVP,anomalo,New_MVP_194.wav,audios/New_MVP_194.wav,1.878375,8000,1,2,15027
994,MVP,anomalo,New_MVP_195.wav,audios/New_MVP_195.wav,1.95475,8000,1,2,15638
995,MVP,anomalo,New_MVP_196.wav,audios/New_MVP_196.wav,2.0285,8000,1,2,16228
996,MVP,anomalo,New_MVP_197.wav,audios/New_MVP_197.wav,3.5675,8000,1,2,28540
997,MVP,anomalo,New_MVP_198.wav,audios/New_MVP_198.wav,3.580125,8000,1,2,28641
998,MVP,anomalo,New_MVP_199.wav,audios/New_MVP_199.wav,2.536125,8000,1,2,20289
999,MVP,anomalo,New_MVP_200.wav,audios/New_MVP_200.wav,2.5525,8000,1,2,20420
